Date,z,beta,target_dir,position_dir,w_murata,w_taiyo,gross_return,turnover,transaction_cost,borrow_cost,net_return,equity,drawdown
2026-01-05,1.0902102155816122,0.6400696690401967,-1,0,0.0,-0.0,0.0,0.0,0.0,-0.0,0.0,1.0,0.0
2026-01-06,1.1929201887178216,0.6459911983065211,-1,-1,-0.5,0.5,0.0,1.0,0.001,0.0,-0.001,0.999,-0.0010000000000000009
2026-01-07,1.1831631813229166,0.6519213330247894,-1,-1,-0.5,0.5,0.00017086247745279337,0.0,0.0,1.984126984126984e-05,0.00015102120761152353,0.9991508701864038,-0.0008491298135961944
2026-01-08,1.095537071216287,0.6575975164446033,-1,-1,-0.5,0.5,-0.007013677078653802,0.0,0.0,1.984126984126984e-05,-0.007033518348495071,0.992123324208033,-0.007876675791967047
2026-01-09,1.1167341315220427,0.662719696682046,-1,-1,-0.5,0.5,-0.0015383526859630292,0.0,0.0,1.984126984126984e-05,-0.001558193955804299,0.9905774036408396,-0.009422596359160429
2026-01-13,1.4059512438926776,0.6678638055403789,-1,-1,-0.5,0.5,-0.01182539987462805,0.0,0.0,1.984126984126984e-05,-0.011845241144469321,0.9788437754224516,-0.0211562245775484
2026-01-14,1.342846140534885,0.6734667661599597,-1,-1,-0.5,0.5,0.013825463985000619,0.0,0.0,1.984126984126984e-05,0.013805622715159348,0.9923573232830161,-0.007642676716983932
2026-01-15,1.3136891847629857,0.6797848010639224,-1,-1,-0.5,0.5,-0.0024264674421187182,0.0,0.0,1.984126984126984e-05,-0.0024463087119599883,0.9899297109176916,-0.010070289082308448
2026-01-16,1.3190599410161523,0.6858878734003698,-1,-1,-0.5,0.5,-0.0004004390850317341,0.0,0.0,1.984126984126984e-05,-0.0004202803548730039,0.9895136629074878,-0.010486337092512232
2026-01-19,1.378137013645046,0.6922074184014849,-1,-1,-0.5,0.5,-0.00360912111252637,0.0,0.0,1.984126984126984e-05,-0.00362896238236764,0.9859227550479577,-0.014077244952042323
2026-01-20,1.1028310917312079,0.6988096043246756,-1,-1,-0.5,0.5,0.008287229820501951,0.0,0.0,1.984126984126984e-05,0.00826738855066068,0.9940737615448771,-0.005926238455122856
2026-01-21,1.1142928500941243,0.704030351380205,-1,-1,-0.5,0.5,-0.0016277579590582292,0.0,0.0,1.984126984126984e-05,-0.001647599228899499,0.9924359263818866,-0.007564073618113398
2026-01-22,1.0674440506187877,0.7096225136899421,-1,-1,-0.5,0.5,0.004616272584065606,0.0,0.0,1.984126984126984e-05,0.0045964313142243364,0.9969975899512696,-0.003002410048730364
2026-01-23,1.0958907784506542,0.7153831577285201,-1,-1,-0.5,0.5,-0.0024770344936665967,0.0,0.0,1.984126984126984e-05,-0.0024968757635078667,0.9945082108326445,-0.0054917891673554875
2026-01-26,0.9984317191726257,0.720834031673077,-1,-1,-0.5,0.5,-0.003569719072762989,0.0,0.0,1.984126984126984e-05,-0.003589560342604259,0.9909383635986453,-0.009061636401354711
2026-01-27,1.2148614429398776,0.725707726999978,-1,-1,-0.5,0.5,-0.010655786363062358,0.0,0.0,1.984126984126984e-05,-0.010675627632903629,0.9803594746217072,-0.01964052537829275
2026-01-28,1.3072909692711432,0.7311230398973347,-1,-1,-0.5,0.5,-0.008185083114370162,0.0,0.0,1.984126984126984e-05,-0.008204924384211432,0.9723156992630909,-0.027684300736909084
2026-01-29,1.2242984088876372,0.7354975616602737,-1,-1,-0.5,0.5,0.001436499683598158,0.0,0.0,1.984126984126984e-05,0.0014166584137568882,0.97369313847928,-0.026306861520720037
2026-01-30,1.189454082400186,0.7396092026734346,-1,-1,-0.5,0.5,0.001698629263823026,0.0,0.0,1.984126984126984e-05,0.0016787879939817562,0.9753277628299813,-0.02467223717001865
2026-02-02,0.9270442965499653,0.743361405835106,-1,-1,-0.5,0.5,0.012296787749702054,0.0,0.0,1.984126984126984e-05,0.012276946479860783,0.9873018095745675,-0.01269819042543252
2026-02-03,1.394275573818581,0.7471474913849566,0,-1,-0.5,0.5,-0.016343566901821482,0.0,0.0,1.984126984126984e-05,-0.016363408171662753,0.9711461870758776,-0.02885381292412237
2026-02-04,1.3003574856097684,0.7523355297219539,-1,0,0.0,-0.0,0.005119077768056535,1.0,0.001,1.984126984126984e-05,0.004099236498215265,0.9751271449710417,-0.024872855028958307
2026-02-05,1.0171806280428644,0.7579301684637265,-1,-1,-0.5,0.5,-0.0,1.0,0.001,0.0,-0.001,0.9741520178260706,-0.025847982173929362
2026-02-06,0.7095872138604797,0.763206010393047,-1,-1,-0.5,0.5,0.01391539837884287,0.0,0.0,1.984126984126984e-05,0.013895557109001599,0.9876884028226219,-0.012311597177378064
2026-02-09,0.008978106625804859,0.7680877195890364,0,-1,-0.5,0.5,0.04431100191034565,0.0,0.0,1.984126984126984e-05,0.04429116064050438,1.031434268534802,0.0
2026-02-10,-0.08143837082285342,0.7717528802913662,0,0,0.0,-0.0,0.007092230942001065,1.0,0.001,1.984126984126984e-05,0.006072389672159796,1.0376975393345642,0.0
2026-02-12,-0.4257104329868271,0.7757177324904001,0,0,0.0,-0.0,-0.0,0.0,0.0,0.0,-0.0,1.0376975393345642,0.0
2026-02-13,-0.41404551953217256,0.778671532955555,0,0,0.0,-0.0,0.0,0.0,0.0,0.0,0.0,1.0376975393345642,0.0
2026-02-16,-0.3922713481100742,0.782155792599884,0,0,0.0,-0.0,0.0,0.0,0.0,0.0,0.0,1.0376975393345642,0.0
2026-02-17,-0.3901474093812196,0.7858009836793651,0,0,0.0,-0.0,0.0,0.0,0.0,0.0,0.0,1.0376975393345642,0.0
2026-02-18,-0.4015935920194073,0.7890921135320492,0,0,0.0,-0.0,0.0,0.0,0.0,0.0,0.0,1.0376975393345642,0.0
2026-02-19,-0.35001420153952495,0.7928170502418762,0,0,0.0,-0.0,0.0,0.0,0.0,0.0,0.0,1.0376975393345642,0.0
2026-02-20,-0.2712869929543175,0.7967716931927092,0,0,0.0,-0.0,0.0,0.0,0.0,0.0,0.0,1.0376975393345642,0.0
2026-02-24,0.20668148285414042,0.8000701149781179,0,0,0.0,-0.0,0.0,0.0,0.0,0.0,0.0,1.0376975393345642,0.0
2026-02-25,0.4222790626196784,0.8012852676347735,0,0,0.0,-0.0,0.0,0.0,0.0,0.0,0.0,1.0376975393345642,0.0
2026-02-26,0.48784100486288784,0.8036897909268963,0,0,0.0,-0.0,0.0,0.0,0.0,0.0,0.0,1.0376975393345642,0.0
2026-02-27,0.7296410822451478,0.8063099481229559,0,0,0.0,-0.0,0.0,0.0,0.0,0.0,0.0,1.0376975393345642,0.0
2026-03-02,0.43219687316529903,0.8099459214145512,0,0,0.0,-0.0,-0.0,0.0,0.0,0.0,-0.0,1.0376975393345642,0.0
2026-03-03,0.23812428113185904,0.8133696524398969,0,0,0.0,-0.0,0.0,0.0,0.0,0.0,0.0,1.0376975393345642,0.0
2026-03-04,0.4970277134100144,0.8158582505506831,0,0,0.0,-0.0,0.0,0.0,0.0,0.0,0.0,1.0376975393345642,0.0
2026-03-05,0.7038002591993167,0.818439339940066,0,0,0.0,-0.0,0.0,0.0,0.0,0.0,0.0,1.0376975393345642,0.0
2026-03-06,0.7127934092628855,0.821675554236857,0,0,0.0,-0.0,0.0,0.0,0.0,0.0,0.0,1.0376975393345642,0.0
2026-03-09,0.5939502230956868,0.8245803905394051,0,0,0.0,-0.0,0.0,0.0,0.0,0.0,0.0,1.0376975393345642,0.0
2026-03-10,0.9169014864067767,0.827548576395516,0,0,0.0,-0.0,0.0,0.0,0.0,0.0,0.0,1.0376975393345642,0.0
2026-03-11,1.183779138978847,0.8316414615237966,-1,0,0.0,-0.0,0.0,0.0,0.0,0.0,0.0,1.0376975393345642,0.0
2026-03-12,1.3104758015253912,0.8356125554735613,-1,-1,-0.5,0.5,0.0,1.0,0.001,0.0,-0.001,1.0366598417952297,-0.0009999999999998899
2026-03-13,1.2264672367889558,0.8398725677395478,-1,-1,-0.5,0.5,0.0014085668179938948,0.0,0.0,1.984126984126984e-05,0.001388725548152625,1.0380994778022745,0.0
2026-03-16,0.9435890022323057,0.8444132198236809,-1,-1,-0.5,0.5,0.01122580097818393,0.0,0.0,1.984126984126984e-05,0.01120595970834266,1.0497323787237784,0.0
2026-03-17,1.0724998660277882,0.8489677989719271,-1,-1,-0.5,0.5,-0.0013897225872859797,0.0,0.0,1.984126984126984e-05,-0.0014095638571272496,1.0482527139030733,-0.0014095638571272051
2026-03-18,0.7851279209055059,0.8533586690235153,-1,-1,-0.5,0.5,0.013367048494032918,0.0,0.0,1.984126984126984e-05,0.013347207224191648,1.062243960098859,0.0
2026-03-19,0.9400695174967894,0.8567878486243987,-1,-1,-0.5,0.5,-0.008941613701915208,0.0,0.0,1.984126984126984e-05,-0.008961454971756478,1.0527247086814127,-0.008961454971756488
2026-03-23,0.6938660962084515,0.8603769400575224,-1,-1,-0.5,0.5,0.004573659111552719,0.0,0.0,1.984126984126984e-05,0.00455381784171145,1.0575186252422166,-0.00444844596358307
2026-03-24,0.6932516804476474,0.8632817289292439,-1,-1,-0.5,0.5,0.0007424257958018599,0.0,0.0,1.984126984126984e-05,0.00072258452596059,1.0582827718367318,-0.003729075815840366
2026-03-25,0.7321986337224535,0.8656891970248197,-1,-1,-0.5,0.5,0.0007386599663297133,0.0,0.0,1.984126984126984e-05,0.0007188186964884435,1.0590434852792996,-0.0030129376487689763
2026-03-26,0.8109858209286835,0.8686276351403727,-1,-1,-0.5,0.5,-0.002277479385905501,0.0,0.0,1.984126984126984e-05,-0.002297320655746771,1.0566105228052334,-0.005303336620620769
2026-03-27,0.9852382132124218,0.8724538346389331,-1,-1,-0.5,0.5,-0.007161307437526909,0.0,0.0,1.984126984126984e-05,-0.007181148707368179,1.0490228455151989,-0.012446401279071151
2026-03-30,1.0851593654387552,0.8760010205563542,-1,-1,-0.5,0.5,-0.007530323450134768,0.0,0.0,1.984126984126984e-05,-0.007550164719976038,1.0411025502365412,-0.0199025936192192
2026-03-31,1.005085955454943,0.8793810472620279,-1,-1,-0.5,0.5,0.0005611593816926552,0.0,0.0,1.984126984126984e-05,0.0005413181118513854,1.041666117903279,-0.019372049141766712
2026-04-01,0.9176369703989813,0.8819612675776639,-1,-1,-0.5,0.5,0.009081783418934841,0.0,0.0,1.984126984126984e-05,0.00906194214909357,1.0511056360023894,-0.010485655381305192
2026-04-02,0.7307168368086603,0.884171858733589,-1,-1,-0.5,0.5,0.0035429866736884086,0.0,0.0,1.984126984126984e-05,0.0035231454038471386,1.054808833992829,-0.006999452466021072
2026-04-03,0.4197105355542019,0.8864440673120348,0,-1,-0.5,0.5,0.019910961400323113,0.0,0.0,1.984126984126984e-05,0.019891120130481842,1.075790163224474,0.0
2026-04-06,-0.044047390061366154,0.8879759919696102,0,0,0.0,-0.0,0.019299015014491494,1.0,0.001,1.984126984126984e-05,0.018279173744650223,1.0954547185308396,0.0
2026-04-07,-0.208084114519013,0.8886331691176624,0,0,0.0,-0.0,-0.0,0.0,0.0,0.0,-0.0,1.0954547185308396,0.0
2026-04-08,-0.5731367204836678,0.8889007415082233,0,0,0.0,-0.0,0.0,0.0,0.0,0.0,0.0,1.0954547185308396,0.0
2026-04-09,-0.207323407501983,0.8888429934688328,0,0,0.0,-0.0,0.0,0.0,0.0,0.0,0.0,1.0954547185308396,0.0
2026-04-10,0.09150659424366384,0.8894745279416655,0,0,0.0,-0.0,0.0,0.0,0.0,0.0,0.0,1.0954547185308396,0.0
2026-04-13,-0.12013784603016486,0.8903745847678899,0,0,0.0,-0.0,0.0,0.0,0.0,0.0,0.0,1.0954547185308396,0.0
2026-04-14,-0.09457604847185298,0.8911725929772412,0,0,0.0,-0.0,0.0,0.0,0.0,0.0,0.0,1.0954547185308396,0.0
2026-04-15,-0.7688293907375701,0.8917106039540924,0,0,0.0,-0.0,0.0,0.0,0.0,0.0,0.0,1.0954547185308396,0.0
2026-04-16,-0.740762776536577,0.8904905871008212,0,0,0.0,-0.0,0.0,0.0,0.0,0.0,0.0,1.0954547185308396,0.0
2026-04-17,-1.2417237509328483,0.8907150726785005,1,0,0.0,-0.0,0.0,0.0,0.0,0.0,0.0,1.0954547185308396,0.0
2026-04-20,-0.8582871874039597,0.8911106094807616,1,1,0.5,-0.5,0.0,1.0,0.001,0.0,-0.001,1.0943592638123087,-0.0010000000000000009
2026-04-21,-0.3417213917631718,0.8923794870237237,0,1,0.5,-0.5,0.01965214460487502,0.0,0.0,1.984126984126984e-05,0.01963230333503375,1.1158440568369763,0.0
2026-04-22,-0.47506007251970245,0.8964631229326636,0,0,0.0,-0.0,-0.005311316180881431,1.0,0.001,1.984126984126984e-05,-0.006331157450722701,1.1087794724226883,-0.0063311574507226576
2026-04-23,-0.6661947013595587,0.8988805499169563,0,0,0.0,-0.0,0.0,0.0,0.0,0.0,0.0,1.1087794724226883,-0.0063311574507226576
2026-04-24,-0.9175844533808154,0.8998340801654422,0,0,0.0,-0.0,0.0,0.0,0.0,0.0,0.0,1.1087794724226883,-0.0063311574507226576
2026-04-27,-1.027100591739523,0.8987320022174659,1,0,0.0,-0.0,-0.0,0.0,0.0,0.0,-0.0,1.1087794724226883,-0.0063311574507226576
2026-04-28,-1.3144874758242915,0.8973964187250081,1,1,0.5,-0.5,-0.0,1.0,0.001,0.0,-0.001,1.1076706929502655,-0.007324826293272024
2026-04-30,0.008660190140051795,0.8958003679769451,0,1,0.5,-0.5,0.047372839456598426,0.0,0.0,1.984126984126984e-05,0.04735299818675716,1.1601222212650635,0.0
2026-05-01,0.4552076324365609,0.8982619107067008,0,0,0.0,-0.0,0.01773193266214268,1.0,0.001,1.984126984126984e-05,0.01671209139230141,1.179510289853085,0.0
2026-05-07,0.80006499109864,0.902239128396119,0,0,0.0,-0.0,0.0,0.0,0.0,0.0,0.0,1.179510289853085,0.0
2026-05-08,1.2014138624668007,0.9071507080255222,-1,0,0.0,-0.0,0.0,0.0,0.0,0.0,0.0,1.179510289853085,0.0
2026-05-11,1.2380381208047238,0.9140010760786417,-1,-1,-0.5,0.5,0.0,1.0,0.001,0.0,-0.001,1.1783307795632318,-0.0010000000000000009
2026-05-12,1.9720471551394985,0.9200205313870671,-1,-1,-0.5,0.5,-0.02826969922943079,0.0,0.0,1.984126984126984e-05,-0.02828954049927206,1.144996343253239,-0.029261250958772744
2026-05-13,1.8323709669170745,0.9277919840833821,-1,-1,-0.5,0.5,0.0023248725251115987,0.0,0.0,1.984126984126984e-05,0.0023050312552703287,1.147635595611608,-0.02702366780153065
2026-05-14,1.607049778866331,0.9347101097624234,-1,-1,-0.5,0.5,0.007435725210518385,0.0,0.0,1.984126984126984e-05,0.007415883940677115,1.1561463279948534,-0.019808188244921254
2026-05-15,1.3934668909757535,0.9422653815746364,-1,-1,-0.5,0.5,0.0041197201346316326,0.0,0.0,1.984126984126984e-05,0.004099878864790363,1.1608863878896045,-0.015789520552465963
2026-05-18,0.5120244492809757,0.949170894858741,-1,-1,-0.5,0.5,0.03031746015717718,0.0,0.0,1.984126984126984e-05,0.030297618887335908,1.1960584812413797,0.0
2026-05-19,-0.5648517400691846,0.9505915820464004,0,-1,-0.5,0.5,0.039165139101360436,0.0,0.0,1.984126984126984e-05,0.03914529783151917,1.242878546713488,0.0
2026-05-20,-0.7581569997099169,0.9499339360561576,0,0,0.0,-0.0,0.007280595189292027,1.0,0.001,1.984126984126984e-05,0.006260753919450758,1.2506599034462258,0.0
2026-05-21,0.04488699268094081,0.9499565775345845,0,0,0.0,-0.0,0.0,0.0,0.0,0.0,0.0,1.2506599034462258,0.0
2026-05-22,-0.6776634569514853,0.9514874214905346,0,0,0.0,-0.0,0.0,0.0,0.0,0.0,0.0,1.2506599034462258,0.0
2026-05-25,-1.2425136740519314,0.950618840105029,1,0,0.0,-0.0,0.0,0.0,0.0,0.0,0.0,1.2506599034462258,0.0
2026-05-26,-1.98122999028818,0.9477570485579325,1,1,0.5,-0.5,0.0,1.0,0.001,0.0,-0.001,1.2494092435427795,-0.001000000000000112
2026-05-27,-1.9305459702867895,0.9417868238323487,1,1,0.5,-0.5,-0.0017110324052792003,0.0,0.0,1.984126984126984e-05,-0.0017308736751204701,1.2472466739736792,-0.0027291428014453167
2026-05-28,-2.6797906717497284,0.9361616984312553,1,1,0.5,-0.5,-0.03907408599974238,0.0,0.0,1.984126984126984e-05,-0.03909392726958365,1.198486903214122,-0.04171637716084098
2026-05-29,-2.470748846119783,0.9264871971283813,1,1,0.5,-0.5,-0.005713121553253209,0.0,0.0,1.984126984126984e-05,-0.005732962823094478,1.19161602235403,-0.04721018154455814
2026-06-01,-2.082229247900812,0.916997771500052,1,1,0.5,-0.5,0.0029168401628746343,0.0,0.0,1.984126984126984e-05,0.0028969988930333643,1.1950681326517105,-0.044449950495199175
2026-06-02,-2.393971253876469,0.9095203913850884,1,1,0.5,-0.5,-0.01752974130613627,0.0,0.0,1.984126984126984e-05,-0.01754958257597754,1.17409518577382,-0.06121945499446313
2026-06-03,-2.3385917138038668,0.9013455412376966,1,1,0.5,-0.5,-0.006892324005500661,0.0,0.0,1.984126984126984e-05,-0.00691216527534193,1.165979645800768,-0.06770846127881691
2026-06-04,-2.362319598197613,0.893908727789826,1,1,0.5,-0.5,-0.005207837969461726,0.0,0.0,1.984126984126984e-05,-0.005227679239302996,1.1598842782129655,-0.07258218240076753
2026-06-05,-2.2975206608088556,0.8870706184740865,1,1,0.5,-0.5,-0.002940233071910936,0.0,0.0,1.984126984126984e-05,-0.002960074341752206,1.1564509345216256,-0.07532740808672678
2026-06-08,-2.924992228219308,0.8807232262864046,1,1,0.5,-0.5,-0.023145284489224205,0.0,0.0,1.984126984126984e-05,-0.023165125759065475,1.1296616031892432,-0.09674756496435888
2026-06-09,-3.4447839550077965,0.8733785574408099,1,1,0.5,-0.5,-0.043858828733229105,0.0,0.0,1.984126984126984e-05,-0.04387867000307037,1.080093554487763,-0.1363810804907576
2026-06-10,-3.0899140279584434,0.8639757239979899,1,1,0.5,-0.5,0.010778400320985093,0.0,0.0,1.984126984126984e-05,0.010758559051143823,1.0917138047744794,-0.12708978534753235
2026-06-11,-3.09055012799779,0.8563457244750092,1,1,0.5,-0.5,-0.012816511373307748,0.0,0.0,1.984126984126984e-05,-0.012836352643149019,1.0777001813910003,-0.13829476868861823
2026-06-12,-2.8757331583197305,0.8487621281525226,1,1,0.5,-0.5,0.004292498028952374,0.0,0.0,1.984126984126984e-05,0.004272656759111104,1.082304824355316,-0.13461299800769422
2026-06-15,-2.828008381118773,0.8420264699480228,1,1,0.5,-0.5,-0.02530401038774943,0.0,0.0,1.984126984126984e-05,-0.025323851657590702,1.0548966975350471,-0.1565279300725546
2026-06-16,-2.5400965043737176,0.8346689202926476,1,1,0.5,-0.5,-0.00010399103950320399,0.0,0.0,1.984126984126984e-05,-0.00012383230934447383,1.0547660672408716,-0.15663237916684114
2026-06-17,-2.3093612234502,0.8279950888765355,1,1,0.5,-0.5,-0.000313968862755476,0.0,0.0,1.984126984126984e-05,-0.0003338101325967458,1.0544139756401074,-0.15691390382417925
2026-06-18,-0.7275379388860317,0.8218916694673469,1,1,0.5,-0.5,0.06412377775302713,0.0,0.0,1.984126984126984e-05,0.06410393648318587,1.1220060621615244,-0.10286876626506725
2026-06-19,-0.4009004337392614,0.8195943824121389,0,1,0.5,-0.5,0.01393390386601484,0.0,0.0,1.984126984126984e-05,0.01391406259617357,1.137617724743726,-0.09038602612189706
2026-06-22,1.0872496707936363,0.8182044021647137,-1,0,0.0,-0.0,0.06696647407758277,1.0,0.001,1.984126984126984e-05,0.0659466328077415,1.212639783112979,-0.030400047389767093
2026-06-23,0.1038760006283663,0.819879107270037,0,-1,-0.5,0.5,0.0,1.0,0.001,0.0,-0.001,1.211427143329866,-0.03136964734237735
2026-06-24,0.13558548866752765,0.8196579879880396,0,0,0.0,-0.0,-0.0012835142056730753,1.0,0.001,1.984126984126984e-05,-0.0023033554755143453,1.2086367959860904,-0.033600747368920714
2026-06-25,-0.07717200515240813,0.819581344805649,0,0,0.0,-0.0,0.0,0.0,0.0,0.0,0.0,1.2086367959860904,-0.033600747368920714
2026-06-26,-0.06430881247672121,0.8191634390178336,0,0,0.0,-0.0,0.0,0.0,0.0,0.0,0.0,1.2086367959860904,-0.033600747368920714
2026-06-29,-1.1259375658275723,0.8187733030194876,1,0,0.0,-0.0,-0.0,0.0,0.0,0.0,-0.0,1.2086367959860904,-0.033600747368920714
2026-06-30,-1.150635869789836,0.8165777706478546,1,1,0.5,-0.5,0.0,1.0,0.001,0.0,-0.001,1.2074281591901044,-0.03456714662155169
2026-07-01,-1.744289750620452,0.8143239999710354,1,1,0.5,-0.5,-0.04043875627832938,0.0,0.0,1.984126984126984e-05,-0.04045859754817065,1.1585773092291034,-0.07362720589617244
2026-07-02,-1.7124700803820514,0.8109831657523896,1,1,0.5,-0.5,0.007085336247315277,0.0,0.0,1.984126984126984e-05,0.007065494977474007,1.166763231388477,-0.06708192357216325
2026-07-03,-1.4938474290491381,0.8080379817278999,1,1,0.5,-0.5,0.005503718728870899,0.0,0.0,1.984126984126984e-05,0.005483877459029629,1.1731616179731128,-0.06196591516171934
2026-07-06,-1.287571709262404,0.8052571205098362,1,1,0.5,-0.5,0.015439095225385946,0.0,0.0,1.984126984126984e-05,0.015419253955544675,1.191250894891538,-0.04750212938864096
2026-07-07,-1.3956588925740199,0.8030007789367714,1,1,0.5,-0.5,0.004573903699330695,0.0,0.0,1.984126984126984e-05,0.004554062429489425,1.1966759258360593,-0.04316439462192101
2026-07-08,-0.7493785344928282,0.8007988453404836,1,1,0.5,-0.5,0.03245339941137221,0.0,0.0,1.984126984126984e-05,0.03243355814153094,1.2354883840532336,-0.012130811383004092
2026-07-09,0.03028064288290457,0.7992234348305293,0,1,0.5,-0.5,0.03433666406208857,0.0,0.0,1.984126984126984e-05,0.034316822792247306,1.2778864199906683,0.0
2026-07-10,0.4771595528429695,0.7986264322691804,0,0,0.0,-0.0,0.018613625416088464,1.0,0.001,1.984126984126984e-05,0.017593784146247193,1.3003692778274047,0.0
2026-07-13,1.5047086387223576,0.7986135655948773,-1,0,0.0,-0.0,0.0,0.0,0.0,0.0,0.0,1.3003692778274047,0.0
2026-07-14,1.5619634474531663,0.799463081750639,-1,-1,-0.5,0.5,0.0,1.0,0.001,0.0,-0.001,1.2990689085495772,-0.001000000000000112
2026-07-15,0.9547355022857631,0.8003116937049204,-1,-1,-0.5,0.5,0.031632222690847756,0.0,0.0,1.984126984126984e-05,0.03161238142100649,1.3401355703788171,0.0
2026-07-16,0.05351819036212722,0.800577812845518,0,-1,-0.5,0.5,0.03528819455039206,0.0,0.0,1.984126984126984e-05,0.03526835328055079,1.3873999451187697,0.0
2026-07-17,0.12093428773526485,0.7999554309006284,0,0,0.0,-0.0,-0.013766752209866007,1.0,0.001,1.984126984126984e-05,-0.014786593479707278,1.3668850261365304,-0.014786593479707233
2026-07-21,0.09093704570502598,0.7993367454122011,0,0,0.0,-0.0,0.0,0.0,0.0,0.0,0.0,1.3668850261365304,-0.014786593479707233
2026-07-22,-0.06556818393277958,0.7986923302655055,0,0,0.0,-0.0,0.0,0.0,0.0,0.0,0.0,1.3668850261365304,-0.014786593479707233
2026-07-23,0.5495034396972532,0.7978646260194817,0,0,0.0,-0.0,0.0,0.0,0.0,0.0,0.0,1.3668850261365304,-0.014786593479707233
2026-07-24,0.8256283988262458,0.797611644646965,0,0,0.0,-0.0,0.0,0.0,0.0,0.0,0.0,1.3668850261365304,-0.014786593479707233
2026-07-27,0.4033285994181752,0.7975121210459004,0,0,0.0,-0.0,-0.0,0.0,0.0,0.0,-0.0,1.3668850261365304,-0.014786593479707233
2026-07-28,0.018499166274058402,0.7970968231231528,0,0,0.0,-0.0,0.0,0.0,0.0,0.0,0.0,1.3668850261365304,-0.014786593479707233
2026-07-29,-0.37979402235991666,0.7963332813256787,0,0,0.0,-0.0,0.0,0.0,0.0,0.0,0.0,1.3668850261365304,-0.014786593479707233
2026-07-30,0.2876238170644281,0.7954205381182552,0,0,0.0,-0.0,0.0,0.0,0.0,0.0,0.0,1.3668850261365304,-0.014786593479707233
2026-07-31,0.5134958647007096,0.7948140057191945,0,0,0.0,-0.0,0.0,0.0,0.0,0.0,0.0,1.3668850261365304,-0.014786593479707233
2026-08-03,0.38283301861979463,0.7943403487910834,0,0,0.0,-0.0,0.0,0.0,0.0,0.0,0.0,1.3668850261365304,-0.014786593479707233
2026-08-04,-0.035309838046229995,0.7937703909930406,0,0,0.0,-0.0,-0.0,0.0,0.0,0.0,-0.0,1.3668850261365304,-0.014786593479707233
2026-08-05,0.3237976342950287,0.7929920668172729,0,0,0.0,-0.0,0.0,0.0,0.0,0.0,0.0,1.3668850261365304,-0.014786593479707233
2026-08-06,0.8017344339446631,0.7924731518011903,0,0,0.0,-0.0,0.0,0.0,0.0,0.0,0.0,1.3668850261365304,-0.014786593479707233
2026-08-07,0.7707040953794949,0.7921937312560836,0,0,0.0,-0.0,0.0,0.0,0.0,0.0,0.0,1.3668850261365304,-0.014786593479707233
2026-08-10,0.9886937361980799,0.7917911584348878,0,0,0.0,-0.0,0.0,0.0,0.0,0.0,0.0,1.3668850261365304,-0.014786593479707233
2026-08-12,0.6664446706834087,0.7914022423718687,0,0,0.0,-0.0,0.0,0.0,0.0,0.0,0.0,1.3668850261365304,-0.014786593479707233
2026-08-13,1.2620369723238216,0.7909020975317197,-1,0,0.0,-0.0,0.0,0.0,0.0,0.0,0.0,1.3668850261365304,-0.014786593479707233
2026-08-14,1.0699212320036944,0.7905838641380658,-1,-1,-0.5,0.5,-0.0,1.0,0.001,0.0,-0.001,1.3655181411103938,-0.01577180688622748
2026-08-17,0.8982586093868205,0.7903436443399463,-1,-1,-0.5,0.5,0.009370536010810393,0.0,0.0,1.984126984126984e-05,0.009350694740969123,1.3782866844111727,-0.006568589496965038
2026-08-18,0.8459685796053787,0.7901165723390958,-1,-1,-0.5,0.5,-0.00983563400866444,0.0,0.0,1.984126984126984e-05,-0.00985547527850571,1.3647030140662648,-0.016359328204068713
2026-08-19,0.8707063383352103,0.7897426730647756,-1,-1,-0.5,0.5,-0.004257867566402063,0.0,0.0,1.984126984126984e-05,-0.004277708836243332,1.3588652119241456,-0.02056705659749858
2026-08-20,0.7113824949322756,0.7893382902550058,-1,-1,-0.5,0.5,0.005341526975259414,0.0,0.0,1.984126984126984e-05,0.0053216857054181445,1.3660966654980322,-0.015354822303177973
2026-08-21,0.8486374180901248,0.7889781027079285,-1,-1,-0.5,0.5,-0.00887153529851964,0.0,0.0,1.984126984126984e-05,-0.00889137656836091,1.353950185616307,-0.024109673364301032
2026-08-24,0.9647301468697846,0.7888634149948518,-1,-1,-0.5,0.5,-0.006425993573559108,0.0,0.0,1.984126984126984e-05,-0.006445834843400377,1.345222846333633,-0.030400101235066757
2026-08-25,0.938367072581568,0.78882370917838,-1,-1,-0.5,0.5,0.0021554076441773207,0.0,0.0,1.984126984126984e-05,0.0021355663743360506,1.348095659010252,-0.028329456294704625
2026-08-26,1.261619673617865,0.7887132817778041,-1,-1,-0.5,0.5,-0.015183803337917634,0.0,0.0,1.984126984126984e-05,-0.015203644607758905,1.3275996917133976,-0.04310238991702775
2026-08-27,1.649793013519971,0.7887228671318992,-1,-1,-0.5,0.5,-0.01745911045362164,0.0,0.0,1.984126984126984e-05,-0.01747895172346291,1.304394640793855,-0.059827957047965064
2026-08-28,1.4054729250199114,0.7887293782908152,-1,-1,-0.5,0.5,0.013305867323801124,0.0,0.0,1.984126984126984e-05,0.013286026053959853,1.3217248619760875,-0.04733680679009977
2026-08-31,1.0985575034757282,0.7887864103574063,-1,-1,-0.5,0.5,0.010679215678382925,0.0,0.0,1.984126984126984e-05,0.010659374408541655,1.3358136221449688,-0.037182013128438496
2026-09-01,1.1580765844169931,0.7885692915916978,-1,0,0.0,-0.0,-0.0014937961432627267,1.0,0.001,1.984126984126984e-05,-0.0025136374131039967,1.3324558710474113,-0.039602188442248276
