date,event,sourced_fact,inference,confidence,long_spread_3session_return,low_strategy_3session_return,source_ids
2026-02-02,村田25Q3発表,"サーバー向けコンデンサ増、AIサーバー搭載数と円安で売上予想を上方修正。一方、SAW関連のれん減損を計上。","共通テーマは強いが村田固有の減損が相対評価を揺らした可能性。",中,-0.0040,-0.0133,M1
2026-02-06,太陽誘電25Q3発表,"AIサーバー・自動車向けコンデンサ需要を説明。","太陽誘電の追随上昇が短期のショート村田・ロング太陽誘電に寄与した可能性。",中,-0.0726,0.0506,T1
2026-04-30,村田通期発表,"データセンター関連売上85-90%増を見込み、上限1,500億円の自己株取得を公表。","AI需要に加え大規模還元が村田固有の上振れを作り、その後の収束機会を増やした可能性。",中,0.0461,0.0167,M2;M3
2026-05-08,太陽誘電通期発表,"コンデンサ売上9%増、Q4受注26%増、BB1.31。AIサーバー・自動車需要を確認。","両社の強材料公表時期が8日ずれ、相対価格の往復を生みやすかった可能性。",中,0.0294,-0.0270,T2
2026-05-18,太陽誘電Q&A,"MLCC稼働率は約90%から95%を見込み、AIサーバー需要の急変を計画に十分反映していないと説明。","需給逼迫期待と前倒し注文の混在は、強い共通因子と反転リスクを同時に高める。",中,,,T3
2026-06-30,産業統計,"METIは電子部品・デバイス生産が2025年5.2%増、26年1-3月5.8%増と公表。","個社だけでなく業界循環の回復が共通因子を強めた可能性。",中,,,E1
2026-07-31,村田26Q1発表,"売上20.7%増・営業利益59.8%増、データセンター関連81.1%増、通期を上方修正。","強い決算は村田固有ショック。ただし前倒し受注への会社注意喚起が反転余地を残した。",中,-0.0181,0.0000,M4
2026-08-05,太陽誘電26Q1発表,"コンデンサ受注41%増、BB1.72、通期売上10.4%・営業利益50%上方修正。顧客在庫積み増しにも言及。","太陽誘電の遅行追随で相対価格が再調整した可能性。",中,0.0388,0.0000,T4
2026-08-31,JEITA 6月統計,"世界出荷25.6%増、受動部品30.5%増、中国向け26.0%増。","広範な需要回復を支持するが、参加社数変化があり、ペア収益の因果証明ではない。",中,,,J1
