Date,corr126,beta252,beta_cv,adf_p252,eg_p252,half_life252,resid_sigma252,zero_cross126,opportunities63,trail126_sharpe,trail126_return,trail126_trades,trail126_win_rate,gate_structural,gate_confirmed
2022-01-14,0.6563902415371251,0.29089818496255104,0.30040559508694625,0.12798520331462954,0.2993659795904501,17.392498741882576,0.05420598834119108,12,3,,0.0,0,,False,False
2022-01-21,0.6656074578618529,0.31585265863378714,0.5797563465690408,0.056158280500380374,0.16213431532135242,14.260362832667024,0.051901822723918724,11,3,6.031971857857463,0.01647624881648957,0,,True,False
2022-01-28,0.6660288056976819,0.33218993432825356,0.5132397281912653,0.029815322524321196,0.09784426560808707,14.0889882290785,0.04908407930253195,11,4,4.760512315787372,0.023487192265457146,0,,True,False
2022-02-04,0.6553021914427715,0.3208004814920081,0.27296794002722413,0.021981617229890633,0.07613881170975298,9.617454513684175,0.04555513971803399,9,5,-0.914063345772959,-0.010215781546118463,1,0.0,True,False
2022-02-10,0.6812126726382352,0.31723075289397923,0.20228483933195632,0.04694002035372777,0.13808232476108467,11.99290236410141,0.043313729405364446,5,4,1.8514175191747244,0.02690997777358395,1,0.0,True,False
2022-02-18,0.6754771420331067,0.32527350882653705,0.18025192933770445,0.06759068510466291,0.18344690820092507,12.578993991063642,0.04323397353580236,7,5,0.8657243996792484,0.014607064767340638,1,0.0,True,False
2022-02-25,0.6764212467239018,0.344899960078557,0.1474196539690584,0.4346221365729055,0.687340598045721,11.734207347461098,0.042619553969419334,13,3,0.736886041102143,0.013249152670391284,1,0.0,False,False
2022-03-04,0.6851002737945886,0.3646286228020926,0.07602339931920209,0.5028039029159906,0.7288876648475273,15.910731992168502,0.04222712125226829,13,3,0.495164063580566,0.009202999123075983,1,0.0,False,False
2022-03-11,0.6868843321451197,0.4052758146411624,0.10559213282032698,0.6089997778397589,0.8004717619801276,17.221905685775727,0.043665283819575816,11,2,0.7853894328375938,0.017131965277351835,2,0.5,False,False
2022-03-18,0.7187403620806334,0.43166918129622756,0.09663682087945304,0.344472899503158,0.5594482156685374,16.762384487429998,0.04417021536538242,11,2,-0.1984374308025649,-0.007076636275966552,2,0.5,False,False
2022-03-25,0.7346198133828616,0.436590119339383,0.14047944611414967,0.2083804101946281,0.4119550426803919,15.850288250617368,0.04413103202697363,11,2,-0.39319444540664916,-0.013043522988090972,2,0.5,False,False
2022-04-01,0.734441549444409,0.4402208179436391,0.2607374794130143,0.2345671381236007,0.4560096221956731,17.335520653180577,0.043962204794451495,13,2,-0.37325438354138774,-0.0131120368737484,2,0.5,False,False
2022-04-08,0.770319362093568,0.4508186414723897,0.393755505510796,0.424013132154944,0.6719495601347676,18.25817234958107,0.04440196666462274,13,2,0.040006626458245556,-0.0008933756564492024,3,0.3333333333333333,False,False
2022-04-15,0.7786525365318235,0.466545560701399,0.44282222770336843,0.14135261679354238,0.34084286250986295,16.814122898228703,0.04383229122066256,10,3,-0.08454320416959174,-0.005126508216953818,3,0.3333333333333333,False,False
2022-04-22,0.7772348071950238,0.4771336794681771,0.47296263329492505,0.22447460633695343,0.4664821118692366,16.33825614426541,0.0434294016977862,9,5,-0.13063130691193683,-0.0069586098030957055,3,0.3333333333333333,False,False
2022-04-28,0.782211433539132,0.49054245279690606,0.4206489939458846,0.2535321695396474,0.504620683675588,14.38451608031009,0.04285403196103789,5,5,-0.27787783430967855,-0.012496256008630136,3,0.3333333333333333,False,False
2022-05-06,0.7805034344751224,0.49635736379030615,0.4006877149898706,0.16808575547892673,0.37916032640956343,13.754750709056799,0.04206082754807357,6,5,0.030413027164958067,-0.0012353928003854264,4,0.25,False,False
2022-05-13,0.7799679910700654,0.5125529175559934,0.2850942844848739,0.1863328381980039,0.40438068064904303,11.715509662499917,0.04005751574475851,6,5,0.029447613099144163,-0.0012353928003854264,4,0.25,True,False
2022-05-20,0.7868420512899154,0.5246550903858381,0.21112082998527856,0.27561401000509167,0.5191887211325396,11.812996470236946,0.038411593557584785,9,7,0.02856864243599964,-0.0012353928003854264,4,0.25,False,False
2022-05-27,0.7966243262206835,0.5448829043658954,0.1660074901176202,0.3467609734630027,0.5954104812294845,11.460937793314134,0.03734621611210685,11,7,0.02776394227592773,-0.0012353928003854264,4,0.25,False,False
2022-06-03,0.7948750188262035,0.5575539535121751,0.1344174670026005,0.3070279056124121,0.5521289895100632,11.652257901565434,0.036799210887636914,11,5,0.027023611474260065,-0.0012353928003854264,4,0.25,False,False
2022-06-10,0.7947572082203075,0.560846560617948,0.09045750667806368,0.06529783291106232,0.17926192713769623,11.90950088970182,0.0367486591130333,15,5,0.026339503166745964,-0.0012353928003854264,4,0.25,False,False
2022-06-17,0.8025353160859516,0.5657039185017316,0.10114955739332397,0.06862436565005973,0.18631862533631094,11.999799726547106,0.036407109131104655,15,4,0.025704844414216818,-0.0012353928003854264,4,0.25,True,False
2022-06-24,0.8193735549566418,0.5691892695236647,0.11160724284587369,0.06803628203860439,0.1850760740697091,11.938897508949223,0.0363009086482152,12,4,0.025113952002594413,-0.0012353928003854264,4,0.25,True,False
2022-07-01,0.8268285737363886,0.5727005944686941,0.17025394634448188,0.0703725123937165,0.18992462186670306,11.990481273118094,0.036304342478142695,13,4,0.02456201693377622,-0.0012353928003854264,4,0.25,True,False
2022-07-08,0.8262407671704394,0.5711544688412937,0.2878144185496151,0.19570607638355875,0.20324576801059607,12.243117041613248,0.03629826895679284,12,3,0.024044938812964173,-0.0012353928003854264,4,0.25,True,False
2022-07-15,0.8239736805688533,0.5701017896364131,0.3120322344625071,0.15760875205968639,0.14033580320487798,11.437281090265902,0.03618790427743802,10,3,0.02355919703155401,-0.0012353928003854264,4,0.25,True,False
2022-07-22,0.8243488483056202,0.5689196690260313,0.3035160406253719,0.018880297910736938,0.06591691112788949,10.024556639465338,0.035515255170391336,10,2,0.02337297892525915,-0.0012353928003854264,4,0.25,True,False
2022-07-29,0.8210886877623597,0.5658795595913196,0.2816412265210411,0.018268503206260348,0.06405358152098112,9.495317351213213,0.03401718035127989,8,2,-0.3272482557111016,-0.01758702171302895,4,0.25,True,False
2022-08-05,0.7925940730863287,0.5637877973446643,0.24507590924586953,0.13863653939752224,0.32332538501137237,8.854329232657273,0.03272820960277601,10,3,-0.9453520502982384,-0.048927540338171815,4,0.25,True,False
2022-08-12,0.8317416042695261,0.5548635892885496,0.20943720710143285,0.010938606300533033,0.04163807482490216,8.36346384029887,0.032044616518232975,8,2,-0.374677737909639,-0.018990572546981666,3,0.3333333333333333,True,False
2022-08-19,0.8448992159072709,0.5415551461025743,0.20660716042572694,0.02732802815383089,0.08910536035493377,9.21338694497917,0.03143600225591108,10,2,-1.161519261025248,-0.04454684021194277,3,0.3333333333333333,True,False
2022-08-26,0.8490002372273702,0.5296983074535926,0.19265200439271318,0.02183284041570376,0.07412753238648946,9.037769277142376,0.03140155729084071,11,2,-1.23116383042393,-0.04300437206749641,3,0.3333333333333333,True,False
2022-09-02,0.8437487771844877,0.5228055620713189,0.1632034804623856,0.018270010488550162,0.06394405806832135,8.76617882714486,0.030879613486217462,11,3,-1.0708127683847126,-0.03761171676327302,5,0.2,True,False
2022-09-09,0.8399607986091624,0.5145428393655507,0.18309174098205483,0.022171521038692073,0.07504257050012764,8.936602637385796,0.03097188689176348,9,4,-1.399349741099664,-0.04705068160512815,4,0.0,True,False
2022-09-16,0.8299949137558892,0.49902465596022016,0.1907355260963022,0.009836391422808519,0.03805536249252158,8.435422515765065,0.030686983702948034,11,7,-1.1431700541239593,-0.03844219894033041,4,0.0,True,False
2022-09-22,0.8300034168532375,0.4852947057675766,0.18071607257437772,0.0029524239436512514,0.013494717772975898,7.418551071317946,0.029779726469503776,13,7,-1.0947859116369716,-0.03598367780154643,4,0.25,True,False
2022-09-30,0.8231312170080315,0.470776035359851,0.1258833737837883,0.009743185919540055,0.03756340195064103,7.780420091715247,0.028587674942291672,16,7,-1.0350364046763514,-0.032004325262796396,5,0.2,True,False
2022-10-07,0.8272715989101157,0.45709232648405707,0.216954089204192,0.0027539117930866193,0.012655530765588731,6.761050176663556,0.027763347133373768,15,6,-0.8553313915887018,-0.026610350490053558,6,0.3333333333333333,True,False
2022-10-14,0.833401116359655,0.4472293759783661,0.2400613117273879,0.01075081404556004,0.040911230411628696,7.726942864032264,0.026598189464794846,13,6,-1.3393226864366803,-0.03855087470320284,5,0.2,True,False
2022-10-21,0.8329090777768345,0.44729745864706116,0.23643125891379155,0.01032633501734469,0.039555753491933535,7.753087015213427,0.02653412747645654,20,6,-1.2734903307798453,-0.0344599610029408,5,0.4,True,False
2022-10-28,0.8325571520359687,0.44514141501609716,0.25085371128139283,0.007991859631901957,0.031812522399579414,7.570009671005448,0.026451392878695468,20,5,-1.2544470791320244,-0.032678597754245864,5,0.4,True,False
2022-11-04,0.8344126699514013,0.44267379122003275,0.2320847499007984,0.008457686420974508,0.03336904185580902,7.498727896907188,0.026289247717326256,28,5,-1.052629160864581,-0.027254128505119102,5,0.4,True,False
2022-11-11,0.8653091098821426,0.43985916413925247,0.22617823610532886,0.007870943201505415,0.0313685793163522,7.281502693576079,0.02626431108018014,28,4,-1.5511862531040461,-0.03822163588005689,4,0.25,True,False
2022-11-18,0.8736412052271613,0.4377180274766799,0.2094199915913326,0.006998975736690137,0.02836090835159062,7.346501679090228,0.026389431945529986,28,3,-1.47474021310052,-0.03717334444896847,4,0.25,True,False
2022-11-25,0.8703434136753884,0.4399939298105368,0.20353743187260676,0.007136780562789053,0.02883584403335142,7.319140254041885,0.026269818963417988,27,3,-1.3094485703366934,-0.03560968340502735,4,0.25,True,False
2022-12-02,0.8676847591052174,0.44341639592140236,0.16965891230642918,0.0063487447528795754,0.026104871981449583,7.312582951478347,0.02614499903537437,29,3,-1.4809680287505382,-0.040602849065671465,5,0.2,True,False
2022-12-09,0.8879688462334829,0.4542057835011966,0.1504409768550443,0.022798937520971157,0.07781117605433774,6.678010258845146,0.025468045562102908,25,4,-1.4809680287505382,-0.040602849065671465,5,0.2,True,False
2022-12-16,0.8839226716087935,0.46523699911040806,0.18526909341633999,0.025336836629722574,0.0843290807590027,6.638829437010566,0.024529046265112594,20,3,-1.4809680287505382,-0.040602849065671465,5,0.2,True,False
2022-12-23,0.880425729654371,0.48014980069021473,0.18482413796900865,0.1052081557891324,0.2562052242368734,7.35794172460224,0.024294485983587168,20,4,-1.6640049634536958,-0.04553386188061859,5,0.2,True,False
2022-12-30,0.8769755076335204,0.4858027617522105,0.11608068388368477,0.019640835666769437,0.06745449182603054,8.133084779845037,0.025049072516779323,16,3,-1.8970800012255653,-0.05174758959982373,5,0.2,True,False
2023-01-06,0.8745153342455115,0.4878257047757954,0.05321137051062897,0.23840900679888105,0.46140091718362886,8.606513229264573,0.02562122065971416,16,3,-2.3434185506633933,-0.06525937287266526,5,0.2,False,False
2023-01-13,0.8722038231170549,0.48777517524499553,0.06124671618914099,0.01405552777431826,0.05130781071875377,8.144541972029602,0.025822603606445827,14,3,-2.0040750968300447,-0.05767705946578605,5,0.2,False,False
2023-01-20,0.8814647830737141,0.4851886346340219,0.10685361056789894,0.013785394267427219,0.05047277995177828,8.12026275430826,0.025827753363565437,14,3,-1.9408521168140505,-0.056011592807446386,6,0.16666666666666666,True,False
2023-01-27,0.8810012989831733,0.4746965374741932,0.12671280265709986,0.010745407558551611,0.04092242710046223,7.890967375768334,0.025567553724938234,15,3,-1.9408521168140505,-0.056011592807446386,6,0.16666666666666666,True,False
2023-02-03,0.8875616912491074,0.4698138926696244,0.14271095046427626,0.014159123754198071,0.05163686825941288,8.167528800718816,0.025503977834427514,14,4,-1.9067249675383742,-0.05506665946691369,6,0.16666666666666666,True,False
2023-02-10,0.9088421384032931,0.464421804230716,0.1733115937853733,0.01057557081902644,0.04042421204038976,8.100218289275572,0.0257405471196293,14,5,-1.705468226560475,-0.041994628203587014,6,0.16666666666666666,True,False
2023-02-17,0.9088843241897419,0.45670473377273346,0.19096657069148654,0.03183380427994394,0.10089909811590164,9.476245488619721,0.026009289368433566,14,4,-2.4438219571616275,-0.0581474640375057,6,0.16666666666666666,True,False
2023-02-24,0.9078781773523784,0.4508381029122673,0.19881034185058832,0.034275136253868584,0.1071579841478077,9.75327936431117,0.025962218367873064,16,4,-1.9123818576148222,-0.04732216797219124,6,0.3333333333333333,True,False
2023-03-03,0.904700826060661,0.4491998849430998,0.21274789009755019,0.03447256143028538,0.10751301518105238,9.779360815267722,0.026061732876476104,18,5,-1.8910541486695118,-0.048299081446048,6,0.16666666666666666,True,False
2023-03-10,0.9021366807145759,0.4503081324495786,0.23268633629367574,0.04273927526571723,0.12757108812081164,10.18573690032266,0.02646719247939246,13,4,-1.758300302534054,-0.045701179463374264,5,0.2,True,False
2023-03-17,0.905412296588367,0.4493973433291388,0.2658706089115384,0.024324191849426104,0.08039268794225818,9.464089058956974,0.026031386542814953,14,4,-2.263592124927123,-0.05943562671161973,5,0.2,True,False
2023-03-24,0.9079890006442244,0.44763395188783595,0.3104260787223993,0.03019221759698773,0.09586849581629736,9.731431451113224,0.02606404611642711,16,4,-2.2320420946145743,-0.058807561147532605,5,0.2,True,False
2023-03-31,0.9067162963341509,0.45223969369631273,0.2597498347733514,0.19752078508003312,0.4070700709523361,13.810569178392312,0.026782360318380417,19,5,-1.2593107222771827,-0.03375009405302343,4,0.25,True,False
2023-04-07,0.9139603548052389,0.45657059387900495,0.14259602465589136,0.14251545557715528,0.3224117047802977,13.626449602103236,0.02813469911439916,23,3,-1.650604160026376,-0.045169738437904616,5,0.2,True,False
2023-04-14,0.9112219579131631,0.47146608632800846,0.21700784723638875,0.1043387387065467,0.2552165985243563,13.281529991183934,0.028639741858097197,19,1,-1.3398160682281728,-0.03780419825456649,4,0.0,False,False
2023-04-21,0.9064657488618727,0.48104893279988137,0.21488200405795008,0.21373984413671165,0.43052532946703925,15.97035703573294,0.02932778928499675,17,2,-2.0856141878967613,-0.06047306808014907,4,0.0,False,False
2023-04-28,0.9082695254850239,0.48543897664418434,0.20868453395666098,0.30114218620349437,0.5404242466120877,18.092276997860537,0.03001999006111266,15,3,-2.3057967061277878,-0.06702903090175194,4,0.0,False,False
2023-05-02,0.9051282300818206,0.48874817181579516,0.1940062574797164,0.19094061688183556,0.3981189124053005,16.171239478055316,0.030335290391505395,11,3,-1.8604804763212277,-0.055892371295178656,4,0.0,False,False
2023-05-12,0.8947639724985397,0.500165300444888,0.1849133687867979,0.4860759318775066,0.7190650258861739,23.798508225381905,0.03072742269263226,11,3,-2.533925345982573,-0.07988350786301612,5,0.0,False,False
2023-05-19,0.8589585275460059,0.49094185964985415,0.2731229325822256,0.6940478021340208,0.8677651870963835,34.85030006551722,0.03337403586100287,5,1,-2.48742266969781,-0.0828620287151729,5,0.0,False,False
2023-05-26,0.8499384583128914,0.4793002635241442,0.3060747552681358,0.6596636567449974,0.8471465484601282,35.906148193997375,0.03600138070036116,7,2,-1.6944352700122713,-0.06412651177898299,5,0.0,False,False
2023-06-02,0.846338467445928,0.48958361972003844,0.2872192973858586,0.7819188351758435,0.9156377739866794,51.408411842541895,0.03817582074977827,3,3,-2.142456098413905,-0.07792197438261128,4,0.0,False,False
2023-06-09,0.8327954764921146,0.5057252193832366,0.23327971690860566,0.9191474505472923,0.9731026263003776,149.70595748044332,0.04133562832801485,3,3,-2.580449437451188,-0.0996474091601941,5,0.0,False,False
2023-06-16,0.820418091793232,0.533268943338069,0.2474297536950862,0.9003736823274964,0.9667039889283324,126.39520663246415,0.04492446867052887,5,2,-2.3138918962265103,-0.0911843602075858,5,0.0,False,False
2023-06-23,0.8086386165812647,0.5705299331977041,0.3071288616373943,0.8022114933373505,0.9073858841305575,64.00226427099169,0.04684330442831741,3,3,-2.191024974516094,-0.08754203928860937,5,0.0,False,False
2023-06-30,0.802010692713335,0.5970432874432817,0.28386187305148164,0.8638713425559057,0.9525182339779028,101.65632612843302,0.04832845864108034,3,3,-2.4479874643093527,-0.09827133449979109,5,0.0,False,False
2023-07-07,0.8002041826600327,0.6548923312624665,0.05436887497778091,0.602338361929199,0.8095197154269618,48.83633014532573,0.049179329791883615,7,2,-1.6912288456816413,-0.07236114380353875,6,0.0,False,False
2023-07-14,0.797350235331562,0.6673864569765612,0.252762011863866,0.6990417365226199,0.8716722693134762,58.1654929757243,0.04912533997915625,3,3,-1.466433608005818,-0.062309238322285965,6,0.16666666666666666,False,False
2023-07-21,0.7796091811233239,0.6940607712878708,0.30758285042529276,0.7166740570277881,0.8816844431601407,61.03496928769914,0.04962091880256162,3,2,-1.670029253832049,-0.0706126329551846,5,0.0,False,False
2023-07-28,0.7728564599686816,0.730756616573917,0.23172280634852388,0.6910142807152109,0.8668948561576917,57.70295156695763,0.04977758058890104,5,3,-1.6504191103860382,-0.0708744137031736,5,0.0,False,False
2023-08-04,0.7792668428226668,0.7888381724303078,0.1799086655924133,0.7556021643402877,0.9028274057803793,65.02360551006488,0.0506976382661469,3,2,-1.9003000858943804,-0.08233406715632341,6,0.0,False,False
2023-08-10,0.787406533374043,0.8154383243899203,0.18279014215381417,0.7064177550260039,0.8754563764487451,57.82274267919796,0.05139894772837604,7,1,-2.00886886349231,-0.08643734386351765,6,0.0,False,False
2023-08-18,0.7774180799500288,0.7907583515085173,0.33198822323115285,0.9120486396984551,0.9708925478801286,185.45244636720838,0.05302497618374929,5,4,-1.8017182851574358,-0.07572001233412062,6,0.16666666666666666,False,False
2023-08-25,0.7714854671884345,0.7781670828458274,0.3317207545401473,0.8301840239206895,0.9388633055197262,96.70685596865789,0.054224491661756774,3,4,-1.4049079673069187,-0.06097196949653216,6,0.16666666666666666,False,False
2023-09-01,0.771827233099172,0.7723768888186372,0.27116691245964086,0.8562530080013903,0.9498620884107972,114.31626189676547,0.05544574696955495,5,4,-1.7531734441413684,-0.07438638222586114,6,0.0,False,False
2023-09-08,0.7851236203767227,0.7963958428976791,0.2115569082674576,0.6847759954775895,0.8636130973162849,63.575587047002514,0.055988023130330876,11,4,-1.2888611692623566,-0.05659747932778858,6,0.16666666666666666,False,False
2023-09-15,0.7799879220560871,0.8033971964373368,0.2601459125564772,0.765020304277542,0.9081944344453641,76.8635863802477,0.056000892363527253,13,3,-1.020276716529167,-0.04560802058027569,6,0.3333333333333333,False,False
2023-09-22,0.7790362866112697,0.8128227998390863,0.28263354891767567,0.73102381708181,0.8902025988337375,70.02513113775409,0.056249466064288954,17,3,-0.9555961851738688,-0.043449774413697684,6,0.3333333333333333,False,False
2023-09-29,0.7709839032487509,0.7894285716689302,0.30241522776179947,0.8574540388450008,0.9504603586526714,114.64379739492877,0.057298254537539554,19,2,-1.392815057454101,-0.06371113671970896,6,0.3333333333333333,False,False
2023-10-06,0.7043268948947107,0.6951382255290101,0.2790857965122452,0.9104724591988158,0.9701429192439965,188.48449070233943,0.058948398059823194,17,2,-1.9248643379371155,-0.09847935690375897,6,0.16666666666666666,False,False
2023-10-13,0.7226531247186025,0.5775746663259999,0.4214842356004497,0.9045314894323746,0.9682703715847364,181.89503304072718,0.06038556429623272,15,5,-1.8379472329768103,-0.0950225479514778,6,0.16666666666666666,False,False
2023-10-20,0.7305730523511145,0.4113524015091813,0.5867625667245385,0.8147456700331523,0.9318241755467378,90.1340704713704,0.06171554385833716,19,6,-2.1752980464556875,-0.11263311207304239,6,0.16666666666666666,False,False
2023-10-27,0.722902434879834,0.27657498135513536,0.4378677624952473,0.41654676449250005,0.6623140035219349,36.3038724389612,0.061473820087604936,20,6,-1.5496045004432826,-0.08326536588451117,6,0.3333333333333333,False,False
2023-11-02,0.7239366033658234,0.19196840017084338,0.41651795860132784,0.5346169703297303,0.759245509822999,33.82000928361353,0.061410412447774405,23,6,-2.0238544133298615,-0.11315495917353602,7,0.2857142857142857,False,False
2023-11-10,0.730736872017558,0.09676848628021595,0.44165646838479244,0.4616128690624733,0.6992761828496472,28.846145781961045,0.06315209677315944,25,5,-1.8764372882888536,-0.10438268961743613,6,0.16666666666666666,False,False
2023-11-17,0.727694444821827,0.03584316633542688,0.5844229902870598,0.5826772728808458,0.7956632948974748,33.548418402729304,0.06449736443424721,27,4,-1.2524914502758147,-0.07289804725789817,6,0.3333333333333333,False,False
2023-11-24,0.727057463240425,0.00507078287999759,0.6426674954903158,0.5638730773087954,0.7818897022930302,32.34518342055871,0.06596504060269721,23,3,-1.494011646319387,-0.08618504266296267,6,0.3333333333333333,False,False
2023-12-01,0.7331903874671727,-0.029035294748685336,0.5520081881563769,0.4345423391905623,0.6775998585577482,27.199700732508372,0.06726756279010589,19,2,-1.9548325619521107,-0.10712783965210515,6,0.16666666666666666,False,False
2023-12-08,0.7430910749973458,-0.06946240332065821,0.5046338317303358,0.3049456051815046,0.5474673208025346,22.858019074937555,0.06791142361741616,18,1,-2.0343947261600968,-0.10959864559832244,6,0.16666666666666666,False,False
2023-12-15,0.7399401304798175,-0.10528917332828495,0.5113385110941709,0.25854568982030623,0.4917075907360982,20.99762574997238,0.06790591164694548,16,4,-1.350828726389609,-0.0762755307652846,6,0.3333333333333333,False,False
2023-12-22,0.7387949123870582,-0.12033066467837363,0.44283972735791305,0.18108411021083415,0.3848695174562125,18.862178737123905,0.06757541573569774,15,5,-1.6866895687872312,-0.09379972790740887,6,0.3333333333333333,False,False
2023-12-29,0.7431523495261453,-0.18051636890621636,0.33153851028189996,0.05153566045981583,0.14840412744516468,13.927310394930473,0.06572330190073838,19,7,-1.6831492962067973,-0.0934734238951408,6,0.3333333333333333,False,False
2024-01-05,0.7407629249167414,-0.21326616266830914,0.2932490201055824,0.019661169718792528,0.06806411235940946,11.720594114526305,0.06395725767942888,20,6,-1.3467003224181002,-0.0761951401791271,7,0.2857142857142857,False,False
2024-01-12,0.7447191264023019,-0.2938921912196217,0.3467307018237384,0.0006079467739694767,0.0033263375447424182,7.740568658645863,0.05895343808217876,21,6,-1.852030930537917,-0.09979610607401646,6,0.16666666666666666,False,False
2024-01-19,0.7416134901049742,-0.34813577384524996,0.5836860733009548,0.008846698473160584,0.0345953794572347,8.092974423384188,0.053224112815454895,23,6,-2.111290760972001,-0.11348898881343983,6,0.16666666666666666,False,False
2024-01-26,0.7389493620530965,-0.3662541641564565,0.5793634300836416,0.013832309040398323,0.05048759990377204,8.374504303129463,0.05308224516518254,22,7,-1.9272612101217548,-0.10522578421667372,6,0.16666666666666666,False,False
2024-02-02,0.7334216871048718,-0.3758402742489283,0.44315885693014884,0.02432611448898606,0.08066114293886778,8.860519913215736,0.05344140979326754,20,6,-2.2442598199224513,-0.12307376906440604,6,0.16666666666666666,False,False
2024-02-09,0.7322978254621196,-0.3851332453928527,0.7781067885770598,0.012865180589763976,0.04754964158216305,8.13444021429678,0.05339227807323141,17,6,-2.0535533361715816,-0.11420100316325843,6,0.16666666666666666,False,False
2024-02-16,0.7340328215243164,-0.39443148011622,0.7685540896354205,0.04859291720552028,0.1417223526212077,8.193422104015607,0.05347301163559024,17,7,-2.302844363414166,-0.12735852835181605,6,0.16666666666666666,False,False
2024-02-22,0.7320021022313199,-0.3968283850933882,0.7774275868357395,0.03256368059535762,0.10355808882709477,7.839569627106228,0.05311911208993845,15,5,-1.934540783738884,-0.10876838715904147,7,0.14285714285714285,False,False
2024-03-01,0.7226782837626717,-0.4054418176006363,0.8987396991803451,0.00395893066918919,0.017336031920042974,7.100589595946548,0.051884665610036275,13,5,-2.392293059321756,-0.13003377449032927,7,0.14285714285714285,False,False
2024-03-08,0.7142182432680663,-0.399721628684872,0.8038638824748994,0.0013755692760870882,0.006861066769995057,6.273376097602246,0.04908392614560293,16,5,-2.2039855362808733,-0.12016908123325509,7,0.14285714285714285,False,False
2024-03-15,0.6973332194261418,-0.3675433749092159,0.7567458295995181,0.002992962606162835,0.013600603885833158,6.582628027326438,0.047520417703675405,12,5,-2.6230942367109016,-0.13832028324433376,6,0.0,False,False
2024-03-22,0.6986356980064266,-0.36107484773818477,0.8061138468412509,0.0012904934152967386,0.006469393041604115,6.178294396398818,0.046898256278752624,11,5,-2.687664089903546,-0.14086144090588026,6,0.0,False,False
2024-03-29,0.6835310817890888,-0.3523825010779136,0.5553239913436724,0.0023146680060963736,0.010841595174141424,6.230589902445978,0.04488824553848304,12,5,-2.71185363924234,-0.1405099938479326,6,0.0,False,False
2024-04-05,0.6836355924428594,-0.33959006857649016,0.4760378899867955,0.001908183876590215,0.00914920533041498,6.070265519362978,0.04432649129486179,12,4,-2.205142054233034,-0.11393245735244883,6,0.0,False,False
2024-04-12,0.7217507793200383,-0.33139398174017387,0.7876174595682917,0.0023293298570183554,0.010897652416329886,6.215086634369864,0.04422577363598799,13,5,-1.8462764311533904,-0.08469282421149382,5,0.0,False,False
2024-04-19,0.706102225790561,-0.31594221879109663,1.0189794229867093,0.0032461522984615697,0.014569941035463113,6.303516552549691,0.04364020373474017,16,6,-2.052344857466983,-0.09099092486637128,5,0.0,False,False
2024-04-26,0.7091593652595188,-0.3037398606980069,1.1337846329759498,0.01086311599142934,0.04154039300440133,6.093777824569826,0.043539278125154256,21,6,-1.3554613346549285,-0.06070164106363185,6,0.16666666666666666,False,False
2024-05-02,0.7151208069745298,-0.2969233485088272,1.0806230560618042,0.0010804840906833038,0.005524406080621578,5.810918513581814,0.043330999605749244,24,7,-1.6490904737929517,-0.07132055878239063,6,0.16666666666666666,False,False
2024-05-10,0.6768766910052909,-0.2795907958399221,1.498110215101452,0.0018459010836403321,0.008876473841644838,5.908999378454969,0.04238845526502151,20,7,-1.8327890813022283,-0.07620667511823842,6,0.16666666666666666,False,False
2024-05-17,0.6432141763458175,-0.25265566919480653,2.627749908751154,0.000787773335316239,0.00416826832432361,5.688369558748212,0.04180071990402123,17,6,-0.8423680520585408,-0.03446506375992464,6,0.16666666666666666,False,False
2024-05-24,0.648307838455319,-0.2521382449644937,4.366132694763618,0.0006492846200587657,0.0034912098564033153,5.471632888630252,0.040759439443614626,20,6,-1.0757622343773572,-0.04142675517233951,7,0.2857142857142857,False,False
2024-05-31,0.6461085344321167,-0.2544800069489323,5.978471090615279,0.0011633508480664368,0.005886109701029255,5.628402602430696,0.04042165668554543,22,4,-0.8777418609075811,-0.03364033180361392,8,0.375,False,False
2024-06-07,0.6488764587374161,-0.26591603986411044,5.927334444003771,0.00316254327504847,0.014198635455442856,6.070688357080286,0.04146804530570752,17,3,-1.1987601751623915,-0.04427760222568389,8,0.375,False,False
2024-06-14,0.6214386310666242,-0.2723114382569485,1.7452667104524608,0.04725554752378869,0.137396375876646,8.160813139558135,0.04442078874763825,15,3,0.21000336153102675,0.007099540447969455,7,0.5714285714285714,False,False
2024-06-21,0.6169177413253014,-0.2278636903511356,0.6876240663675496,0.2734391079138462,0.5073531238382584,13.801869457175624,0.05161288308817892,15,3,0.1770692335816702,0.0057864541110250745,9,0.5555555555555556,False,False
2024-06-28,0.6137074886385263,-0.18316751315883856,0.5155793502653423,0.424658105884988,0.6663617092476437,19.01363922368449,0.057507491694128256,13,4,0.12838334626975012,0.003654180411058583,9,0.4444444444444444,False,False
2024-07-05,0.6434697044144897,-0.052472785772636636,0.5237688585601618,0.8713484931370121,0.9551190263080197,66.23333742720045,0.06559768107478538,18,2,0.8380945103345979,0.03584404069841418,10,0.6,False,False
2024-07-12,0.635565890919847,0.11610259174081314,0.6876316620151066,0.8600041778643446,0.9509181280570898,78.66044839719262,0.07278554646329233,15,3,0.9704211459080615,0.04395695890354956,9,0.5555555555555556,False,False
2024-07-19,0.6681961752653293,0.2571631606899266,0.9172039763615705,0.7906204388989062,0.9187258782515522,56.79481885822637,0.07646816763246368,11,4,2.024518317713001,0.09925542140951427,9,0.5555555555555556,False,False
2024-07-26,0.6854798950143839,0.3445686037394906,1.247220113212945,0.6807071140753473,0.8604187263533392,49.64096248706912,0.07721389266383283,8,4,1.3242518565212753,0.06555289185622026,9,0.5555555555555556,False,False
2024-08-02,0.7146341209041687,0.4024028612192319,1.273214724845054,0.4236709387064642,0.6699464127298214,33.57738337208425,0.07654099496590741,4,4,1.6002933921748101,0.08222991154902548,9,0.5555555555555556,False,False
2024-08-09,0.8076872626344686,0.4291352611255758,1.5281017245565525,0.385627190206043,0.6333917823036637,32.712985511025465,0.07516453864393689,3,7,2.0506845251571852,0.12073580854237842,10,0.7,False,False
2024-08-16,0.8130851377370136,0.44611804760782686,2.2611195470066265,0.3599345028917432,0.607452722931594,31.032058807854693,0.07383090322459274,3,6,2.0173782647971072,0.11733198760570507,10,0.7,False,False
2024-08-23,0.8190254108603034,0.4629968778175398,4.7307986559258435,0.27925550297542173,0.5182933925405586,27.794169196309955,0.07195097019190354,3,5,2.128234668014244,0.12256460063495878,9,0.7777777777777778,False,False
2024-08-30,0.8209351936146887,0.46860025442476644,8.039437888212753,0.2700467496592321,0.506575640136997,26.589196477378653,0.07002352048262896,6,4,2.2924009199405333,0.1319354689459764,9,0.7777777777777778,False,False
2024-09-06,0.8316629873994882,0.47610374104014,7.627937455150133,0.2292499767849117,0.4542787873646974,24.609535566290763,0.06799193058740095,5,4,2.025919845606492,0.11744430461944488,9,0.7777777777777778,False,False
2024-09-13,0.8338630463774325,0.4818016996116691,2.2662208232933967,0.23156880273984393,0.4570955257229005,23.6825100697128,0.06601779747484171,7,4,1.590705645165312,0.09208437879782028,10,0.7,False,False
2024-09-20,0.836689023767802,0.49640841703185906,0.9682692077190755,0.10163145662383483,0.2518515311254654,19.297103106747265,0.06359372859208959,5,3,1.5907056451653119,0.09208437879782028,10,0.7,False,False
2024-09-27,0.8347757254271365,0.5092650381842384,0.6497784564263112,0.1398266029333336,0.31899860759376975,19.559804773958206,0.061134049644883615,5,8,1.5726309459214636,0.09110918254943456,10,0.7,False,False
2024-10-04,0.8475360796406096,0.5276853234359655,0.474547195560802,0.09423948129282061,0.23728888040378743,17.31612899883075,0.05767003357387944,5,6,1.476736840692717,0.08751728873330888,10,0.7,True,True
2024-10-11,0.8525846885605858,0.5227523563525358,0.4864347569408808,0.09351994488548493,0.23525463855921697,16.49975445613036,0.055543911711567195,7,6,1.0422703966984455,0.060633905170000224,10,0.7,True,True
2024-10-18,0.8527254869971105,0.5153293738825973,0.6829041325340228,0.16122124592989984,0.35379892329456886,17.976660264625522,0.05371692234213392,7,6,1.1205755509861224,0.06646579586153245,10,0.7,True,True
2024-10-25,0.8556505461355466,0.49568488540654837,0.8613837229046605,0.13967973406664486,0.3184161160903826,16.85237239396933,0.05259269885338834,9,4,0.9152382980048701,0.05358352039039871,11,0.6363636363636364,False,False
2024-11-01,0.8538429866131385,0.47789071935867294,1.226451434373982,0.04159822400053221,0.1256444320729762,13.348584764723824,0.050948910460610036,9,5,0.9714986794741296,0.05732366841650771,10,0.6,False,False
2024-11-08,0.8189306153780043,0.4511788292291173,1.0954536636523837,0.04672218305441241,0.13679243198537017,12.182418635631135,0.048815713109000444,15,4,-0.023645580900626056,-0.00798755821623287,9,0.6666666666666666,False,False
2024-11-15,0.8195144414691091,0.4100668256376845,1.7558373755382901,0.15891178669700262,0.3494444992884053,15.05901101596109,0.04782335594168603,19,4,-0.36177714719427734,-0.034304821293511756,9,0.6666666666666666,False,False
2024-11-22,0.8185212004749952,0.3885356328087314,2.6753277677463347,0.10836841745415571,0.2634795938345491,13.866888956449385,0.0480283177313187,18,5,-0.4059251302436955,-0.037926497073505705,8,0.625,False,False
2024-11-29,0.8159626966974981,0.38266133250633,3.2327317626780836,0.07447538598546867,0.19848840441483295,12.909799881781867,0.047529047968535125,19,2,-0.2381634848153675,-0.025000536446925237,8,0.5,False,False
2024-12-06,0.8140942866265704,0.37977498053216296,4.044273888429397,0.05885606344612605,0.1652398146918489,12.270725984284608,0.046948444336646085,19,2,-0.30233314060374183,-0.029932420706965668,8,0.5,False,False
2024-12-13,0.819773685835257,0.3786985402273365,1.869510519726255,0.07134482651107933,0.19202896526128116,12.401539629496662,0.04607687519606025,19,2,-0.39853978277413843,-0.035911558427897394,8,0.5,False,False
2024-12-20,0.8184425975066623,0.38041346011907,0.6462789268504724,0.06506154942275827,0.17880707998305817,12.118914874619536,0.04559298064982955,23,2,-0.7023129592556023,-0.05665169379899937,7,0.42857142857142855,False,False
2024-12-27,0.8204633673155719,0.3824823685433272,0.4429095109451574,0.04039086059360387,0.1224656218315125,11.12648345191857,0.0447767327869351,20,2,-0.7507298624967844,-0.05975986921186871,6,0.5,True,False
2024-12-30,0.8206685591123617,0.38248735938235373,0.421023576381722,0.03805744981176046,0.11673856562529017,10.993292671440939,0.044568962640676946,20,2,-0.8828036571069782,-0.06865657195292851,6,0.5,True,False
2025-01-10,0.8190626062494071,0.38180324721110726,0.4630832258305966,0.05809072829795913,0.16351053287186484,11.44326655722657,0.043969117063336546,21,2,-1.1332850106234345,-0.08362097957159531,5,0.4,True,False
2025-01-17,0.8163483075572499,0.3873463114706073,0.5513715568455939,0.06148968543166702,0.17094890090487241,11.414376898533186,0.04396017453915013,15,3,-1.4877309577320967,-0.10515406691698581,5,0.4,True,False
2025-01-24,0.8112062143097409,0.3912068144246621,0.7025134508504806,0.05642415055365486,0.15978364999329153,11.28526894279231,0.04388876447883116,16,3,-1.521463358371221,-0.10500231530278059,6,0.3333333333333333,True,False
2025-01-31,0.8069134314194083,0.3915578089773977,0.8725367871631068,0.057549763716978904,0.16229889668551828,11.336452564794524,0.043752459833286794,17,3,-1.095798778856404,-0.07643785240405343,6,0.5,False,False
2025-02-07,0.8129552792996348,0.3921168853157078,1.1837911640609164,0.05224537761028009,0.1503467574575854,11.034196541929862,0.043775832994718135,19,3,-1.5712814765905871,-0.10279814442240454,6,0.3333333333333333,False,False
2025-02-14,0.7221163973912668,0.3922991853499497,1.3743527584378752,0.05078456915881044,0.14699929600053557,10.913442939059776,0.04379146950863412,23,2,-1.2454136699459986,-0.08175360807085319,4,0.25,False,False
2025-02-21,0.6955034182734983,0.39008006053796157,1.0376995142134549,0.04965379770037306,0.14438675211621443,10.831199271874151,0.04398526901181783,17,1,-1.9867954774243635,-0.11436236193815319,4,0.25,False,False
2025-02-28,0.6911927328186755,0.38939346921050144,1.0040425100819859,0.04983982221148887,0.14479254386934587,10.829120059845732,0.043999483391762934,18,1,-1.9867954774243635,-0.11436236193815319,4,0.25,False,False
2025-03-07,0.6938290282698131,0.38983483491238413,1.0223123084909718,0.045130426380274764,0.1337866390792279,10.68277373781083,0.043973209301105626,18,1,-1.986795477424363,-0.11436236193815319,4,0.25,False,False
2025-03-14,0.6840014916457439,0.3905319338761048,0.9958746931530346,0.05123721703282705,0.14788659140988974,10.77559143089471,0.043944319128592334,16,1,-1.7767207535474063,-0.10228902652572369,4,0.25,False,False
2025-03-21,0.6728365821045916,0.39288793525245197,0.9410499006473825,0.063268846745533,0.17472301149449532,11.284091382658403,0.04428322366750847,16,2,-1.3775050525820651,-0.0816750041341916,3,0.3333333333333333,False,False
2025-03-28,0.6609176249175773,0.39703649583356604,0.5119459633711447,0.08340449736397171,0.2163764664000969,11.882042324481487,0.04497567014356647,18,2,-1.293499039799973,-0.08049121148493288,3,0.3333333333333333,False,False
2025-04-04,0.6925543186849191,0.4079165592871672,0.25446215226402646,0.23461928269166582,0.45955229432737527,15.051273197226829,0.04722689705609393,17,4,-0.8749611732747106,-0.06029095652021266,3,0.3333333333333333,False,False
2025-04-11,0.7703127727227266,0.4353924898079973,0.20550654556342057,0.3039514530441195,0.5431251347180494,16.32492251100769,0.05132741310076198,15,3,-1.2239600368053158,-0.08331461936476492,4,0.5,False,False
2025-04-18,0.7676529868309903,0.45589911446542675,0.273930521284509,0.16422644754117488,0.3590395253814599,14.676647738888828,0.05353750275088261,15,3,-0.7302601741781165,-0.05395483060847217,4,0.5,False,False
2025-04-25,0.7723363049013654,0.47432152218901474,0.3430953797531334,0.22014623969239644,0.44165845325675535,14.987824147893653,0.054139903753485444,13,3,-0.8676636075543872,-0.06382503202295586,4,0.5,False,False
2025-05-02,0.6839107108008365,0.488621047288407,0.444165861745295,0.557019574994684,0.7748177343068123,15.588084663148285,0.05594267222284826,7,2,-1.0105689918771315,-0.09173428456101218,3,0.6666666666666666,False,False
2025-05-09,0.6743768633239985,0.500058735995854,0.5393569329609201,0.4751316503876627,0.7103133758847594,15.89136125638793,0.057567439490035524,7,2,-1.0142428043936098,-0.09427665276980801,3,0.6666666666666666,False,False
2025-05-16,0.6589866188838235,0.5145317909607355,0.6744058809481434,0.8223472858607537,0.9340360794546574,29.4118272594497,0.06227432027935677,5,3,-1.6030509248761564,-0.14802359495748485,4,0.5,False,False
2025-05-23,0.6663164414523837,0.5265094690013126,0.5580726379381485,0.7656828019615481,0.839939537278124,23.327738048957222,0.06661281642619152,3,3,-0.4551289076515615,-0.045158873488214235,4,0.5,False,False
2025-05-30,0.6686520575367624,0.5342838591456215,0.4069721749058029,0.7141150341526028,0.8783364332804469,23.811255569358263,0.0699948781059878,1,4,-0.27457715695987844,-0.030098062832488948,4,0.75,False,False
2025-06-06,0.6716833414911892,0.5404181569445465,0.331507203115551,0.8024578854006823,0.9245902192177423,28.48848707719745,0.07376058631338618,5,4,-0.542166189190822,-0.05130237827477446,3,0.6666666666666666,False,False
2025-06-13,0.6754738316096945,0.5449531459838924,0.3529325395304387,0.7284757343869689,0.8872360568637232,27.641203867900753,0.07635525581937418,5,5,-0.3959212668891097,-0.03975167351154163,4,0.5,False,False
2025-06-20,0.675770269786959,0.5501914137207664,0.38517420898286653,0.7424998190445348,0.8950305098191089,30.204457353681203,0.0785643995725359,3,5,-0.4306588368520982,-0.043217246768869066,4,0.5,False,False
2025-06-27,0.6742977750983263,0.5537740059217786,0.4536027670776451,0.7798615953121311,0.913919431590636,32.61377395866407,0.08141006149655365,3,4,-0.713787724292283,-0.06845570480658802,4,0.5,False,False
2025-07-04,0.6776471755011266,0.5517870792093702,0.49426352322452316,0.8778942610605744,0.9341986370789506,36.63885309162155,0.08413006157143721,3,3,-0.8249035994081023,-0.0778256161769394,4,0.5,False,False
2025-07-11,0.6771211834177698,0.5492144562904816,0.46034537547314097,0.9150753206867408,0.9246442742554485,37.60966987244419,0.08696273183392302,7,2,-0.8830317372927117,-0.08287850265495034,5,0.4,False,False
2025-07-18,0.681377768360629,0.5396892769985177,0.5559359364735869,0.8541226833733315,0.9475082986028353,39.71142464742507,0.0892399647753164,7,1,-0.8888770568365653,-0.08368558279572058,5,0.4,False,False
2025-07-25,0.6863846751544813,0.5270633206995108,0.5552324722152938,0.8878596820553667,0.960742402612497,38.86113041130292,0.09065844970111477,7,1,-0.9354009027405231,-0.08789726749662663,5,0.4,False,False
2025-08-01,0.6847662192529143,0.49975505763523725,0.5661201602753457,0.7371606992998071,0.8923649977866626,36.301428228877214,0.09257766381806933,7,0,-1.1097562316691205,-0.1038465910838533,4,0.25,False,False
2025-08-08,0.6720325265978224,0.4666675887431674,0.6485288128632792,0.651338029353248,0.8431038612713151,30.882451820313275,0.09298691935783823,8,0,-0.7584761792489428,-0.07607089080397789,5,0.4,False,False
2025-08-15,0.6865258613101518,0.4493345657273289,0.6712553113828638,0.6945007332885044,0.8696683315219693,33.61261386938777,0.09312990351554355,10,0,-0.7584761792489427,-0.07607089080397789,5,0.4,False,False
2025-08-22,0.695588863199294,0.45055108714624525,0.5456110667917076,0.7634161706386429,0.9072525883897589,39.1042624039193,0.09353147103510141,11,0,-0.7584761792489427,-0.07607089080397789,5,0.4,False,False
2025-08-29,0.6989417294085781,0.426653311466571,0.4044275805079007,0.742968323992498,0.8965748282229303,39.35142469910968,0.09415614887301044,10,0,-0.7584761792489426,-0.07607089080397789,5,0.4,False,False
2025-09-05,0.6945644390656165,0.40354252851734146,0.330623649354245,0.6939404443518241,0.8692685183609847,37.35857344085645,0.09450324790847711,10,0,-0.7584761792489427,-0.07607089080397789,5,0.4,False,False
2025-09-12,0.6946336236101319,0.3685913750583132,0.3442271693835278,0.5579347141154353,0.7790838850382255,32.02590259478139,0.09417192577977661,8,1,-0.7584761792489426,-0.07607089080397789,5,0.4,False,False
2025-09-19,0.6934976108971946,0.3465893610015915,0.4739829404454388,0.6018397480394054,0.8105119000862389,33.007688335328126,0.09348781883371439,10,0,-0.7584761792489426,-0.07607089080397789,5,0.4,False,False
2025-09-26,0.7120268759760048,0.3529194262856998,0.7529290547886339,0.6334909092367749,0.8317661283336742,33.99730653658326,0.09339210433853333,8,0,-0.7053496871287999,-0.07032258683227777,5,0.4,False,False
2025-10-03,0.714006866641068,0.3630133632182322,0.9656132135634623,0.5935562672020439,0.8048152431254769,32.854087729367365,0.0933009666913874,8,1,-0.7788525202561225,-0.07470208245859977,5,0.4,False,False
2025-10-10,0.5721577216411871,0.3687883672962854,0.7042379968215465,0.5919440270623987,0.8036951688553655,32.185881314793335,0.09264028820812988,7,1,-1.2006205486654902,-0.10538224439155863,4,0.25,False,False
2025-10-17,0.4947210640841991,0.3666732529063871,0.639385977322352,0.5431917707711136,0.7680221066638488,31.356397703118674,0.09203760780565036,5,1,-0.6066071900675712,-0.05632126288152739,4,0.25,False,False
2025-10-24,0.5170235866553484,0.3762370768358723,0.5647716507154359,0.5645096562437284,0.7839389207939035,31.27533334317395,0.09113220836487831,3,1,-0.8703789308908985,-0.0762887947401647,4,0.25,False,False
2025-10-31,0.5027539786605377,0.392764964740701,0.4312607638621776,0.6165698813108984,0.8203708880286351,32.46348711751777,0.0905587319405661,4,2,-1.0249685776847006,-0.08576675942266965,4,0.25,False,False
2025-11-07,0.6272065686012558,0.4221142039517603,0.42607139932231686,0.6781028837467361,0.859539867664825,35.779874890876165,0.09118422051555018,5,1,-1.5511324226067367,-0.11794485701286483,4,0.25,False,False
2025-11-14,0.655748270290155,0.4451135942640249,0.3545380471847017,0.7455393370493018,0.8978099154997209,34.60624000025429,0.09286185808393746,7,1,-1.411259393948207,-0.11045442246528492,3,0.3333333333333333,False,False
2025-11-21,0.6932694010104444,0.4639327064425074,0.3526658492755726,0.6372125587089832,0.8344332612740764,34.114894772734466,0.09324762132610825,1,2,-1.655318547735363,-0.11129327219131757,3,0.6666666666666666,False,False
2025-11-28,0.6852636356795339,0.4904113266433349,0.2627728989598191,0.7392154570127689,0.8945118727942258,36.43320763265326,0.09379570043351933,1,1,-1.999239209122771,-0.13296379110857626,3,0.3333333333333333,False,False
2025-12-05,0.6805902490218192,0.5317785263059186,0.18486164783657777,0.6348877549572534,0.8328881656745,32.43005804273829,0.09367184852864967,3,1,-1.100625975481694,-0.08148834610777267,4,0.25,False,False
2025-12-12,0.685352526283075,0.5700795422173192,0.17129855647431141,0.6642601886059403,0.8513728224247348,35.20670788590312,0.09356916661505214,7,1,-1.5201381212734464,-0.10919030094038829,3,0.3333333333333333,False,False
2025-12-19,0.6874808114462343,0.59953763449486,0.34532033008629776,0.5959980607259469,0.806622813765185,31.18280626793284,0.09310390269523154,9,1,-1.7435593089513766,-0.123507212445227,3,0.3333333333333333,False,False
2025-12-26,0.6876947631579409,0.6272538313319407,0.6962421846232364,0.4989358121768594,0.7335112923240015,26.63128052434784,0.09177028250990897,7,3,-1.3574705166919054,-0.09985835698094803,3,0.3333333333333333,False,False
2025-12-30,0.6862224370116664,0.6400696690401967,0.9044651949462565,0.5494377422165232,0.7727747261145406,27.716506709396278,0.09115408157676881,5,5,-1.0729803769843096,-0.07724442284722255,3,0.3333333333333333,False,False
2026-01-09,0.6948470815899545,0.6678638055403789,1.438529123581626,0.4614010167215672,0.7027406431791468,27.044198396501002,0.09056706118843588,5,5,-1.1572484910953533,-0.08287748635486691,4,0.25,False,False
2026-01-16,0.6958679398682864,0.6922074184014849,0.9993665495575916,0.4194011712938551,0.6663115760505662,25.228813683830627,0.09012301204169892,5,7,-1.114495513696351,-0.08102979632294327,3,0.3333333333333333,False,False
2026-01-23,0.6938271117172917,0.720834031673077,0.9263031142545345,0.4994739263473326,0.7331416927143621,23.170482011616144,0.08858610573049651,1,9,-1.0911222769249507,-0.07965203363509199,3,0.3333333333333333,False,False
2026-01-30,0.6927090714069644,0.743361405835106,0.7144462101562623,0.32886663835958846,0.5746762328763909,24.459139639925592,0.08815765765955762,1,9,-1.2039597345898587,-0.08675650523147305,3,0.3333333333333333,False,False
2026-02-06,0.6883207401940442,0.7680877195890364,0.40120392947954514,0.16875415433228635,0.3668349247205789,19.414956773302894,0.08697806680231872,1,9,-0.8076043164734508,-0.06082388963054686,4,0.25,False,False
2026-02-13,0.6789905969066402,0.782155792599884,0.42459614239702337,0.1218291139157246,0.28850267972695065,17.174660027207157,0.0844358582292284,2,11,-0.41546724050797895,-0.03721147021589255,5,0.4,False,False
2026-02-20,0.6993787855357353,0.8000701149781179,0.37477677088056116,0.22325029088163884,0.4457968162039351,19.58450171658616,0.08079873067823763,2,4,-0.6273724418320891,-0.05206661242124444,4,0.25,False,False
2026-02-27,0.7115191541344226,0.8099459214145512,0.23687914450395883,0.10296510547689086,0.2543883740464793,16.317864373425067,0.0799783234094003,3,4,-0.6273724418320891,-0.05206661242124444,4,0.25,False,False
2026-03-06,0.7305114766587606,0.8245803905394051,0.14595494523647207,0.09404736794198298,0.23727347064209064,15.387894251079004,0.0775443105983263,3,2,-0.627372441832089,-0.05206661242124444,4,0.25,False,False
2026-03-13,0.7486440507154415,0.8444132198236809,0.07787460791339249,0.09049367269123038,0.23029313014547959,14.687114113592886,0.07570755495353518,5,3,-0.6221688236971531,-0.05169944291485895,4,0.25,False,False
2026-03-19,0.7495143961142168,0.8603769400575224,0.07854445250830362,0.08105909197817329,0.212330446566653,13.954320855011682,0.07417007055923795,5,3,-0.42821953591747575,-0.03833934122253635,4,0.25,True,False
2026-03-27,0.7639904078440726,0.8760010205563542,0.27307693055836135,0.08517249547573968,0.22044465276450526,13.65155789737089,0.07251051267134767,5,3,-0.47176289860013476,-0.041720981400417356,4,0.25,True,False
2026-04-03,0.7881973541535189,0.8879759919696102,0.5353294912874715,0.11010768928851628,0.26714916011964773,14.189455657641203,0.07195146200207517,7,3,-0.140086120383826,-0.01726912217290011,4,0.25,True,False
2026-04-10,0.7923874772852949,0.8903745847678899,0.8264849564313546,0.09735173487081744,0.2432166151202136,13.746191096378704,0.07139345681605266,6,2,0.08914743293876692,0.0006943862871340301,5,0.4,False,False
2026-04-17,0.7935660146686792,0.8911106094807616,0.9244352349196413,0.07643877851892909,0.20218754799499944,13.000494414363072,0.07086829316723266,6,4,0.08914743293876697,0.0006943862871340301,5,0.4,False,False
2026-04-24,0.7865027843307166,0.8987320022174659,0.9972657536558365,0.06283495017492717,0.17399765117604865,13.072238135772354,0.06938230539406227,6,4,0.23826681027251595,0.012866506405538658,6,0.5,False,False
2026-05-01,0.7569341144365996,0.902239128396119,0.8997066170243168,0.034183140840336856,0.10733360143515774,11.215841211497393,0.068870724038596,8,5,0.9273192977439956,0.07747888220051813,7,0.5714285714285714,False,False
2026-05-08,0.765127881856293,0.9140010760786417,0.7351774693238458,0.025148157398553677,0.08353637256270358,11.076330225246549,0.06832753124961961,9,6,0.9273192977439952,0.07747888220051813,7,0.5714285714285714,False,False
2026-05-15,0.7690771018932225,0.949170894858741,0.40976417357037903,0.011492710613839966,0.043401142046337104,13.193323091778964,0.06749196574555212,9,6,0.7438708243457659,0.061527534779944215,7,0.5714285714285714,True,True
2026-05-22,0.7779305875370984,0.950618840105029,0.3837377850302342,0.008271513376898205,0.03272044086110006,11.364809715877248,0.06724200022130242,9,5,2.7634494313978424,0.25000805039052776,8,0.75,True,True
2026-05-29,0.8103703871497774,0.916997771500052,0.2619353399351521,0.036639681261755604,0.11172854235670443,16.106927898130166,0.06950303788905679,9,7,2.253911219021688,0.20599160601513677,8,0.75,True,True
2026-06-05,0.8165980660200303,0.8807232262864046,0.15411708959159964,0.07818991051237306,0.2042645859645968,19.41068665438166,0.07272645270185812,11,7,2.0586466835173964,0.18608774620390678,8,0.75,True,True
2026-06-12,0.8407011515610164,0.8420264699480228,0.09918314502030523,0.21411604609978863,0.4285319769430138,30.294302637645803,0.07937843153368991,11,6,0.7315054378481969,0.06082578024306118,7,0.7142857142857143,False,False
2026-06-19,0.8308284896171397,0.8182044021647137,0.09188065561968363,0.044672561976935234,0.13298480426328224,18.54284131345843,0.08206140428674205,9,5,1.1982324111067821,0.12107322185937752,7,0.7142857142857143,False,False
2026-06-26,0.8116132938520922,0.8187733030194876,0.190865870351873,0.025252821129427776,0.0835299461145626,15.967648510878268,0.08205291483474825,13,5,1.8339078015026455,0.2154648730499138,9,0.6666666666666666,True,True
2026-07-03,0.8092384913309897,0.8052571205098362,0.33949414701141184,0.020733202134166448,0.07098710606049191,17.260921461938334,0.08364316004468791,12,5,1.3283712689902571,0.15163365394800765,9,0.5555555555555556,True,True
2026-07-10,0.8122962576180567,0.7986135655948773,0.4598610513103819,0.009394050110515223,0.03667078211403213,15.105253022022705,0.08371373386912662,14,5,2.2157083452279496,0.2884714543671749,9,0.6666666666666666,True,True
2026-07-17,0.807922437450398,0.7993367454122011,0.5108763407420437,0.19357441777570694,0.4074123029910278,13.407719072753691,0.08369013888739704,15,6,2.8065103627128076,0.39673209158371026,10,0.8,True,True
2026-07-24,0.8062294163423004,0.7975121210459004,0.512325528488602,0.004787608972880371,0.02051715831721297,13.105060583379899,0.082819008846258,18,6,2.755458376008379,0.3867034783196508,10,0.8,True,True
2026-07-31,0.8211581686919949,0.7943403487910834,0.5104906578097798,0.013016134702123075,0.048493887322535796,12.104499822460161,0.0816143064140201,20,6,2.717897231001231,0.3796847150154732,10,0.7,True,True
2026-08-07,0.8243721086106106,0.7917911584348878,0.3848669710466983,0.009587431201783281,0.03757266496746756,11.3060592933828,0.08037289943073157,22,5,2.76227941430563,0.38476654303775604,10,0.8,True,True
2026-08-14,0.830138133391199,0.7903436443399463,0.2839462478732857,0.014946282925316624,0.054135799619974216,11.284564813188986,0.07898497302212903,21,6,2.7682958823034585,0.38253940940078746,9,0.7777777777777778,True,True
2026-08-21,0.8343398012776566,0.7888634149948518,0.31067196596597313,0.012405543668286821,0.04615480547699325,11.580676655856163,0.07804517867956595,21,5,2.344658112391866,0.3047638009092166,8,0.75,True,True
2026-08-28,0.8313144043737293,0.7887864103574063,0.2623352212062658,0.013606477884162835,0.04982346898726865,11.733338920047043,0.07851013847247212,19,6,2.1145240339343108,0.27370916078654184,8,0.75,True,True
2026-09-01,0.8306290953962535,0.7883106284184679,0.2140101438470879,0.002448420738501235,0.011370085363794413,11.267380556970721,0.07833119599877987,18,6,2.178437133627659,0.2840503331075297,9,0.6666666666666666,True,True
