period,start,end,strategy,tc_bp,borrow_rate,total_return,ann_return,ann_vol,sharpe,max_drawdown,trades,win_rate,avg_holding_days,turnover
design_2022_2024,2022-01-14,2024-12-30,low_always,5.0,0.01,-0.22346707128876675,-0.08382503801633334,0.10241338427955955,-0.8032321240455853,-0.2639098036535341,35,0.2857142857142857,13.4,70.0
design_2022_2024,2022-01-14,2024-12-30,low_always,5.0,0.03,-0.23779342443843954,-0.08971159999239509,0.102422833557167,-0.8660571553936274,-0.277061339053131,35,0.2857142857142857,13.4,70.0
design_2022_2024,2022-01-14,2024-12-30,low_always,5.0,0.05,-0.2518560221094994,-0.09556057142040042,0.10243317109775377,-0.928862540820716,-0.28997840768738214,35,0.2857142857142857,13.4,70.0
design_2022_2024,2022-01-14,2024-12-30,low_always,10.0,0.01,-0.2502241563052364,-0.09487817227220363,0.10258012352589682,-0.9200330586180865,-0.28784277745899345,35,0.2857142857142857,13.4,70.0
design_2022_2024,2022-01-14,2024-12-30,low_always,10.0,0.03,-0.2640573788469799,-0.10069393370078283,0.10258888059961195,-0.9827518528712849,-0.3005671688925331,35,0.2857142857142857,13.4,70.0
design_2022_2024,2022-01-14,2024-12-30,low_always,10.0,0.05,-0.27763591522914766,-0.10647255531213562,0.10259852462755394,-1.0454509026805348,-0.31306470051419355,35,0.2857142857142857,13.4,70.0
design_2022_2024,2022-01-14,2024-12-30,low_always,20.0,0.01,-0.30104104517873376,-0.11660212863927488,0.1030724948153782,-1.1507228406974117,-0.3334327150651024,35,0.2857142857142857,13.4,70.0
design_2022_2024,2022-01-14,2024-12-30,low_always,20.0,0.03,-0.3139376658741756,-0.12227873036457948,0.10307986282088726,-1.213138806182906,-0.345343396340543,35,0.2857142857142857,13.4,70.0
design_2022_2024,2022-01-14,2024-12-30,low_always,20.0,0.05,-0.3265968266902298,-0.1279190782396652,0.10308811378551787,-1.275534924326155,-0.3570946826524656,35,0.2857142857142857,13.4,70.0
design_2022_2024,2022-01-14,2024-12-30,low_structure_gate,5.0,0.01,-0.11818048067742137,-0.042600986201642765,0.04919887471031007,-0.860165991943897,-0.1346255639376538,12,0.16666666666666666,13.333333333333334,24.0
design_2022_2024,2022-01-14,2024-12-30,low_structure_gate,5.0,0.03,-0.12376599565416013,-0.04470450881667609,0.049224551328329,-0.9043658065787139,-0.13990278813895585,12,0.16666666666666666,13.333333333333334,24.0
design_2022_2024,2022-01-14,2024-12-30,low_structure_gate,5.0,0.05,-0.12931635127103913,-0.04680349300634268,0.04925159808722253,-0.9484931469754906,-0.14514803849565694,12,0.16666666666666666,13.333333333333334,24.0
design_2022_2024,2022-01-14,2024-12-30,low_structure_gate,10.0,0.01,-0.12871591591329434,-0.046576004432603235,0.04931535527116158,-0.9423645995457288,-0.143241817243284,12,0.16666666666666666,13.333333333333334,24.0
design_2022_2024,2022-01-14,2024-12-30,low_structure_gate,10.0,0.03,-0.134234905789674,-0.04867087225246669,0.04934190869284518,-0.9863997666231998,-0.14846666698615374,12,0.16666666666666666,13.333333333333334,24.0
design_2022_2024,2022-01-14,2024-12-30,low_structure_gate,10.0,0.05,-0.13971915376010735,-0.0507612201499672,0.049369828046497755,-1.0303590559249776,-0.15365985918779745,12,0.16666666666666666,13.333333333333334,24.0
design_2022_2024,2022-01-14,2024-12-30,low_structure_gate,20.0,0.01,-0.14942605106617646,-0.05448251343251975,0.0496691206435877,-1.102913371918696,-0.16023043414507454,12,0.16666666666666666,13.333333333333334,24.0
design_2022_2024,2022-01-14,2024-12-30,low_structure_gate,20.0,0.03,-0.15481426150296485,-0.056560165572017485,0.04969734648726041,-1.1465107003583,-0.16535201269438782,12,0.16666666666666666,13.333333333333334,24.0
design_2022_2024,2022-01-14,2024-12-30,low_structure_gate,20.0,0.05,-0.16016855073668612,-0.05863333459623643,0.04972692661122201,-1.1900261238245464,-0.1704425574137124,12,0.16666666666666666,13.333333333333334,24.0
design_2022_2024,2022-01-14,2024-12-30,low_confirmed_gate,5.0,0.01,-0.029856402227188106,-0.010437478867913352,0.018008553361950834,-0.5736150980769967,-0.038674800106919704,1,0.0,20.0,2.0
design_2022_2024,2022-01-14,2024-12-30,low_confirmed_gate,5.0,0.03,-0.030627232127884207,-0.010709716260520308,0.018030620319381973,-0.5881496692748853,-0.03940085080845668,1,0.0,20.0,2.0
design_2022_2024,2022-01-14,2024-12-30,low_confirmed_gate,5.0,0.05,-0.03139748016533406,-0.010981889574304904,0.018053248399494796,-0.6026299761485171,-0.040126381994193494,1,0.0,20.0,2.0
design_2022_2024,2022-01-14,2024-12-30,low_confirmed_gate,10.0,0.01,-0.030822138831723356,-0.010778574738119273,0.01792891616153408,-0.5954700135192448,-0.03915570315839201,1,0.0,20.0,2.0
design_2022_2024,2022-01-14,2024-12-30,low_confirmed_gate,10.0,0.03,-0.031592220280918015,-0.011050724965122383,0.017951443090154614,-0.6100265682721256,-0.0398813906529748,1,0.0,20.0,2.0
design_2022_2024,2022-01-14,2024-12-30,low_confirmed_gate,10.0,0.05,-0.03236172041757135,-0.01132281113224387,0.017974532457660005,-0.6245270927067018,-0.04060655889164522,1,0.0,20.0,2.0
design_2022_2024,2022-01-14,2024-12-30,low_confirmed_gate,20.0,0.01,-0.03275216933163938,-0.011460923367295539,0.01779772875733534,-0.6387578885152012,-0.04011750926133639,1,0.0,20.0,2.0
design_2022_2024,2022-01-14,2024-12-30,low_confirmed_gate,20.0,0.03,-0.03352075496745199,-0.01173289922597398,0.017821150972143946,-0.653334059866637,-0.04084247034201094,1,0.0,20.0,2.0
design_2022_2024,2022-01-14,2024-12-30,low_confirmed_gate,20.0,0.05,-0.03428876039135398,-0.012004811062659715,0.017845137398879413,-0.6678508505964614,-0.04156691268654855,1,0.0,20.0,2.0
design_2022_2024,2022-01-14,2024-12-30,conservative,5.0,0.01,-0.05522498406454435,-0.019472381825659024,0.06909783090695383,-0.25010248864573376,-0.11505198107367132,11,0.36363636363636365,27.09090909090909,22.0
design_2022_2024,2022-01-14,2024-12-30,conservative,5.0,0.03,-0.0663338994485897,-0.02347873622679897,0.0691033012212096,-0.3093187399952652,-0.1213898340077908,11,0.36363636363636365,27.09090909090909,22.0
design_2022_2024,2022-01-14,2024-12-30,conservative,5.0,0.05,-0.07731262646267223,-0.02746887905299278,0.06911016131387679,-0.368518205897322,-0.12768254527641743,11,0.36363636363636365,27.09090909090909,22.0
design_2022_2024,2022-01-14,2024-12-30,conservative,10.0,0.01,-0.0655841406439035,-0.023207363079942867,0.06921596919137672,-0.3046873723494862,-0.1185990179514893,11,0.36363636363636365,27.09090909090909,22.0
design_2022_2024,2022-01-14,2024-12-30,conservative,10.0,0.03,-0.07657145344299865,-0.027198530730711323,0.06922162833582744,-0.3637972549385436,-0.12491153807882616,11,0.36363636363636365,27.09090909090909,22.0
design_2022_2024,2022-01-14,2024-12-30,conservative,10.0,0.05,-0.08743000058497652,-0.03117354795946703,0.0692286748491032,-0.42288899835464566,-0.1311790964727544,11,0.36363636363636365,27.09090909090909,22.0
design_2022_2024,2022-01-14,2024-12-30,conservative,20.0,0.01,-0.08597810918348558,-0.030640265444902615,0.06953145916096455,-0.4128291961553304,-0.12576690264886314,11,0.36363636363636365,27.09090909090909,22.0
design_2022_2024,2022-01-14,2024-12-30,conservative,20.0,0.03,-0.096726017841963,-0.034601209550325085,0.06953748716262224,-0.4716595943369713,-0.1322003053713523,11,0.36363636363636365,27.09090909090909,22.0
design_2022_2024,2022-01-14,2024-12-30,conservative,20.0,0.05,-0.10734796187234508,-0.03854612493873388,0.0695448961626116,-0.530469259648916,-0.1406008329797943,11,0.36363636363636365,27.09090909090909,22.0
validation_2025,2025-01-06,2025-12-30,low_always,5.0,0.01,-0.13671152746157533,-0.14139908476732121,0.1622421742373761,-0.8570504547463329,-0.20640634712904893,8,0.375,16.875,16.0
validation_2025,2025-01-06,2025-12-30,low_always,5.0,0.03,-0.14132933500200173,-0.14616144677368637,0.1622566360095805,-0.8912133785159597,-0.20946276113937068,8,0.375,16.875,16.0
validation_2025,2025-01-06,2025-12-30,low_always,5.0,0.05,-0.14592262351021634,-0.15089758128415653,0.1622717028010242,-0.9253667628324184,-0.21250752472091616,8,0.375,16.875,16.0
validation_2025,2025-01-06,2025-12-30,low_always,10.0,0.01,-0.1435846637481476,-0.14848703122260687,0.16216853781908896,-0.9085981010067975,-0.2103675183664523,8,0.375,16.875,16.0
validation_2025,2025-01-06,2025-12-30,low_always,10.0,0.03,-0.14816584084796947,-0.15321021758449005,0.16218289291818005,-0.9427725594842264,-0.21340875465110032,8,0.375,16.875,16.0
validation_2025,2025-01-06,2025-12-30,low_always,10.0,0.05,-0.1527226926964439,-0.15790739143619736,0.16219785333093184,-0.9769373229205732,-0.21643839806339293,8,0.375,16.875,16.0
validation_2025,2025-01-06,2025-12-30,low_always,20.0,0.01,-0.157177315213608,-0.1624982836683646,0.16209319529753874,-1.0113849492394773,-0.2182365211290197,8,0.375,16.875,16.0
validation_2025,2025-01-06,2025-12-30,low_always,20.0,0.03,-0.1616860471541146,-0.16714402550512464,0.16210733048447548,-1.0455676072579172,-0.22124760528844412,8,0.375,16.875,16.0
validation_2025,2025-01-06,2025-12-30,low_always,20.0,0.05,-0.16617083710559144,-0.1717641798447188,0.1621220713066667,-1.0797402710088535,-0.22424721092129507,8,0.375,16.875,16.0
validation_2025,2025-01-06,2025-12-30,low_structure_gate,5.0,0.01,0.01330557192821935,0.013801756373246876,0.01284168017088077,1.0738181417225114,-0.006020183756419661,1,1.0,4.0,2.0
validation_2025,2025-01-06,2025-12-30,low_structure_gate,5.0,0.03,0.013145287713923093,0.013635454800607238,0.012798165124080683,1.0646073051953044,-0.006059846454832374,1,1.0,4.0,2.0
validation_2025,2025-01-06,2025-12-30,low_structure_gate,5.0,0.05,0.012985022515465072,0.013469173931950795,0.01275500739838473,1.0553040551273005,-0.006099509153245086,1,1.0,4.0,2.0
validation_2025,2025-01-06,2025-12-30,low_structure_gate,10.0,0.01,0.012295587366011773,0.01275387144840634,0.012616877159176159,1.0107566190717892,-0.006517422283805141,1,1.0,4.0,2.0
validation_2025,2025-01-06,2025-12-30,low_structure_gate,10.0,0.03,0.012135443080465658,0.012587721194471824,0.01257417321697266,1.00109826944039,-0.006557065140948004,1,1.0,4.0,2.0
validation_2025,2025-01-06,2025-12-30,low_structure_gate,10.0,0.05,0.01197531779651495,0.01242159162824863,0.012531838539843054,0.9913448816116552,-0.006596707998090867,1,1.0,4.0,2.0
validation_2025,2025-01-06,2025-12-30,low_structure_gate,20.0,0.01,0.010277128987312034,0.010659785092312468,0.012281592885571162,0.869473375813034,-0.0075118993385761,1,1.0,4.0,2.0
validation_2025,2025-01-06,2025-12-30,low_structure_gate,20.0,0.03,0.010117264379847057,0.010493937265972475,0.012240984048061718,0.8589104382294959,-0.007551502513179265,1,1.0,4.0,2.0
validation_2025,2025-01-06,2025-12-30,low_structure_gate,20.0,0.05,0.009957418745505375,0.010328110094818044,0.012200768802844424,0.8482498182549146,-0.00759110568778254,1,1.0,4.0,2.0
validation_2025,2025-01-06,2025-12-30,low_confirmed_gate,5.0,0.01,0.0,0.0,0.0,,0.0,0,,,0.0
validation_2025,2025-01-06,2025-12-30,low_confirmed_gate,5.0,0.03,0.0,0.0,0.0,,0.0,0,,,0.0
validation_2025,2025-01-06,2025-12-30,low_confirmed_gate,5.0,0.05,0.0,0.0,0.0,,0.0,0,,,0.0
validation_2025,2025-01-06,2025-12-30,low_confirmed_gate,10.0,0.01,0.0,0.0,0.0,,0.0,0,,,0.0
validation_2025,2025-01-06,2025-12-30,low_confirmed_gate,10.0,0.03,0.0,0.0,0.0,,0.0,0,,,0.0
validation_2025,2025-01-06,2025-12-30,low_confirmed_gate,10.0,0.05,0.0,0.0,0.0,,0.0,0,,,0.0
validation_2025,2025-01-06,2025-12-30,low_confirmed_gate,20.0,0.01,0.0,0.0,0.0,,0.0,0,,,0.0
validation_2025,2025-01-06,2025-12-30,low_confirmed_gate,20.0,0.03,0.0,0.0,0.0,,0.0,0,,,0.0
validation_2025,2025-01-06,2025-12-30,low_confirmed_gate,20.0,0.05,0.0,0.0,0.0,,0.0,0,,,0.0
validation_2025,2025-01-06,2025-12-30,conservative,5.0,0.01,-0.09051368251312497,-0.09370391896066654,0.12282753878738267,-0.7384318187464819,-0.142982670411116,2,0.5,32.5,4.0
validation_2025,2025-01-06,2025-12-30,conservative,5.0,0.03,-0.09286025558531585,-0.09612875017442246,0.1228490716334373,-0.7600762361223061,-0.14383789572756323,2,0.5,32.5,4.0
validation_2025,2025-01-06,2025-12-30,conservative,5.0,0.05,-0.09520086717515408,-0.09854718967123088,0.12287123612764723,-0.781709048632189,-0.1446923017258288,2,0.5,32.5,4.0
validation_2025,2025-01-06,2025-12-30,conservative,10.0,0.01,-0.09233006794271337,-0.0955809010832327,0.12281403661080614,-0.755400925604233,-0.1438404709520602,2,0.5,32.5,4.0
validation_2025,2025-01-06,2025-12-30,conservative,10.0,0.03,-0.09467199035690232,-0.09800074735938036,0.1228357282582084,-0.7770437429385157,-0.14469485730329423,2,0.5,32.5,4.0
validation_2025,2025-01-06,2025-12-30,conservative,10.0,0.05,-0.09700796301276504,-0.10041421496104042,0.12285805156568137,-0.7986748114690732,-0.14554842512375454,2,0.5,32.5,4.0
validation_2025,2025-01-06,2025-12-30,conservative,20.0,0.01,-0.09595467535823599,-0.09932601350595116,0.1228120486109783,-0.7891895475838457,-0.1455547835128831,2,0.5,32.5,4.0
validation_2025,2025-01-06,2025-12-30,conservative,20.0,0.03,-0.09828731719692574,-0.10173591324112174,0.12283405348279618,-0.8108246807505549,-0.146407493168342,2,0.5,32.5,4.0
validation_2025,2025-01-06,2025-12-30,conservative,20.0,0.05,-0.10061403267346403,-0.1041394603261313,0.12285668991028036,-0.8324477844431045,-0.1472593858667075,2,0.5,32.5,4.0
holdout_2026,2026-01-05,2026-09-01,low_always,5.0,0.01,0.34712770507383417,0.5896537098259707,0.2261761227305843,2.1622284699386385,-0.15649193881107815,11,0.6363636363636364,8.454545454545455,22.0
holdout_2026,2026-01-05,2026-09-01,low_always,5.0,0.03,0.3421805281725532,0.5805819147494533,0.22613805237121218,2.137206480642661,-0.15703311048996904,11,0.6363636363636364,8.454545454545455,22.0
holdout_2026,2026-01-05,2026-09-01,low_always,5.0,0.05,0.3372513245191744,0.5715615344083342,0.22610040740861215,2.1121720910651183,-0.15757395666009089,11,0.6363636363636364,8.454545454545455,22.0
holdout_2026,2026-01-05,2026-09-01,low_always,10.0,0.01,0.33245587104741126,0.5628036238880507,0.22596293827005992,2.0885431225596034,-0.15691390382417925,11,0.6363636363636364,8.454545454545455,22.0
holdout_2026,2026-01-05,2026-09-01,low_always,10.0,0.03,0.3275622905390134,0.5538845385774491,0.2259246079762274,2.0634874797950626,-0.15745480478187035,11,0.6363636363636364,8.454545454545455,22.0
holdout_2026,2026-01-05,2026-09-01,low_always,10.0,0.05,0.32268648959422186,0.545016005448133,0.225886703393705,2.038419492064021,-0.1579953803936277,11,0.6363636363636364,8.454545454545455,22.0
holdout_2026,2026-01-05,2026-09-01,low_always,20.0,0.01,0.30356850423954795,0.5104178650405033,0.2256349022407559,1.93990873800201,-0.157757833850381,11,0.6363636363636364,8.454545454545455,22.0
holdout_2026,2026-01-05,2026-09-01,low_always,20.0,0.03,0.2987804584634124,0.5017967487664838,0.22559606753732492,1.9147956896139655,-0.1582981933656722,11,0.6363636363636364,8.454545454545455,22.0
holdout_2026,2026-01-05,2026-09-01,low_always,20.0,0.05,0.29400981084218847,0.4932245015057892,0.22555765899367192,1.8896704234084467,-0.15883822786070134,11,0.6363636363636364,8.454545454545455,22.0
holdout_2026,2026-01-05,2026-09-01,low_structure_gate,5.0,0.01,0.18010618213353768,0.29383008096734864,0.19574153424791096,1.4127716581243472,-0.15649193881107792,6,0.6666666666666666,8.0,12.0
holdout_2026,2026-01-05,2026-09-01,low_structure_gate,5.0,0.03,0.17786777512984897,0.29001457802235064,0.19570109445255324,1.3979233468548067,-0.15703311048996937,6,0.6666666666666666,8.0,12.0
holdout_2026,2026-01-05,2026-09-01,low_structure_gate,5.0,0.05,0.17563352556929646,0.2862101766598486,0.19566107180007786,1.3830659491316926,-0.15757395666009122,6,0.6666666666666666,8.0,12.0
holdout_2026,2026-01-05,2026-09-01,low_structure_gate,10.0,0.01,0.17309528326380086,0.28189301848451587,0.19544210646077753,1.367181122884161,-0.1569139038241789,6,0.6666666666666666,8.0,12.0
holdout_2026,2026-01-05,2026-09-01,low_structure_gate,10.0,0.03,0.17087003897292674,0.27811248791878285,0.19540199320087412,1.3522983633810055,-0.15745480478187035,6,0.6666666666666666,8.0,12.0
holdout_2026,2026-01-05,2026-09-01,low_structure_gate,10.0,0.05,0.16864892792950648,0.27434295784942697,0.1953622978564441,1.3374066312219473,-0.15799538039362804,6,0.6666666666666666,8.0,12.0
holdout_2026,2026-01-05,2026-09-01,low_structure_gate,20.0,0.01,0.15918788981916876,0.2583308814114529,0.19490880285545661,1.2751506769426906,-0.1577578338503811,6,0.6666666666666666,8.0,12.0
holdout_2026,2026-01-05,2026-09-01,low_structure_gate,20.0,0.03,0.15698875837446136,0.254619387566164,0.19486935894924778,1.2602039143784527,-0.1582981933656722,6,0.6666666666666666,8.0,12.0
holdout_2026,2026-01-05,2026-09-01,low_structure_gate,20.0,0.05,0.15479371217252846,0.250918694652281,0.19483033437291344,1.2452484196476765,-0.15883822786070112,6,0.6666666666666666,8.0,12.0
holdout_2026,2026-01-05,2026-09-01,low_confirmed_gate,5.0,0.01,0.12217140514162073,0.19638198117895733,0.19272931397207196,1.0251957643406373,-0.15649193881107804,5,0.6,8.8,10.0
holdout_2026,2026-01-05,2026-09-01,low_confirmed_gate,5.0,0.03,0.12021844839227769,0.19314471237252695,0.19269889392556733,1.0112628204342462,-0.15703311048996915,5,0.6,8.8,10.0
holdout_2026,2026-01-05,2026-09-01,low_confirmed_gate,5.0,0.05,0.11826881329233285,0.18991607552746492,0.1926688790744842,0.9973233793960465,-0.15757395666009077,5,0.6,8.8,10.0
holdout_2026,2026-01-05,2026-09-01,low_confirmed_gate,10.0,0.01,0.11661101619516101,0.1871731873505793,0.1924761091850087,0.9861353670040348,-0.15691390382417902,5,0.6,8.8,10.0
holdout_2026,2026-01-05,2026-09-01,low_confirmed_gate,10.0,0.03,0.11466762876885306,0.18396065862513922,0.19244601768620137,0.9721762572038183,-0.15745480478187013,5,0.6,8.8,10.0
holdout_2026,2026-01-05,2026-09-01,low_confirmed_gate,10.0,0.05,0.11272754689930964,0.18075669636766145,0.19241633201795968,0.9582107603424532,-0.1579953803936276,5,0.6,8.8,10.0
holdout_2026,2026-01-05,2026-09-01,low_confirmed_gate,20.0,0.01,0.10556456348954102,0.1689542230025285,0.19202606562186925,0.9074390106926539,-0.1577578338503809,5,0.6,8.8,10.0
holdout_2026,2026-01-05,2026-09-01,low_confirmed_gate,20.0,0.03,0.10364018823659826,0.1657906446556865,0.19199664245779494,0.8934317362872783,-0.15829819336567208,5,0.6,8.8,10.0
holdout_2026,2026-01-05,2026-09-01,low_confirmed_gate,20.0,0.05,0.1017190865654094,0.16263550318230524,0.1919676262800785,0.8794183036017402,-0.15883822786070134,5,0.6,8.8,10.0
holdout_2026,2026-01-05,2026-09-01,conservative,5.0,0.01,0.01761134873285397,0.027529103480115946,0.13997246149176995,0.2620704685814063,-0.11769551305791126,1,1.0,16.0,2.0
holdout_2026,2026-01-05,2026-09-01,conservative,5.0,0.03,0.016965921290347685,0.026515498784078106,0.1399629355408397,0.25503176332163946,-0.11812001789883675,1,1.0,16.0,2.0
holdout_2026,2026-01-05,2026-09-01,conservative,5.0,0.05,0.016320877625888297,0.025502853792244373,0.1399536628911233,0.24799165104143212,-0.11854433551341403,1,1.0,16.0,2.0
holdout_2026,2026-01-05,2026-09-01,conservative,10.0,0.01,0.016625423462080846,0.025980911544347673,0.1396076566361305,0.2516129405970886,-0.11769551305791115,1,1.0,16.0,2.0
holdout_2026,2026-01-05,2026-09-01,conservative,10.0,0.03,0.015980603616308597,0.0249688062305371,0.13959828431388188,0.2445548586996701,-0.11812001789883664,1,1.0,16.0,2.0
holdout_2026,2026-01-05,2026-09-01,conservative,10.0,0.05,0.015336167197932182,0.023957659227769268,0.1395891659750706,0.23749539688510451,-0.11854433551341415,1,1.0,16.0,2.0
holdout_2026,2026-01-05,2026-09-01,conservative,20.0,0.01,0.014655004947760508,0.02288927543266639,0.13889186838445408,0.2305101247277758,-0.11769551305791115,1,1.0,16.0,2.0
holdout_2026,2026-01-05,2026-09-01,conservative,20.0,0.03,0.014011399440436723,0.02188016437330975,0.1388828066424319,0.22341374237829356,-0.11812001789883686,1,1.0,16.0,2.0
holdout_2026,2026-01-05,2026-09-01,conservative,20.0,0.05,0.013368176659683373,0.020872008842780287,0.13887400023302587,0.2163160362097424,-0.11854433551341415,1,1.0,16.0,2.0
oos_2024_latest,2024-01-04,2026-09-01,low_always,5.0,0.01,0.10310815369346082,0.03877791446916978,0.16843264560967247,0.31019431773237793,-0.269161573589801,33,0.5151515151515151,10.909090909090908,66.0
oos_2024_latest,2024-01-04,2026-09-01,low_always,5.0,0.03,0.0874645465731474,0.033041709925580864,0.16842592727449204,0.2773230274348869,-0.2737677399832106,33,0.5151515151515151,10.909090909090908,66.0
oos_2024_latest,2024-01-04,2026-09-01,low_always,5.0,0.05,0.07204217990526152,0.027336955351155767,0.16841979178002556,0.24444826867854763,-0.2783450571275672,33,0.5151515151515151,10.909090909090908,66.0
oos_2024_latest,2024-01-04,2026-09-01,low_always,10.0,0.01,0.06736261533883536,0.025596050527147307,0.1683002195751012,0.23442039193122002,-0.2760755183320178,33,0.5151515151515151,10.909090909090908,66.0
oos_2024_latest,2024-01-04,2026-09-01,low_always,10.0,0.03,0.05222524644066806,0.01993238041746226,0.1682933332649446,0.20152041223791264,-0.28063823760535866,33,0.5151515151515151,10.909090909090908,66.0
oos_2024_latest,2024-01-04,2026-09-01,low_always,10.0,0.05,0.03730196816023712,0.01429976399923416,0.16828703024172686,0.16861715556584056,-0.28574661855093664,33,0.5151515151515151,10.909090909090908,66.0
oos_2024_latest,2024-01-04,2026-09-01,low_always,20.0,0.01,-0.000740394745977202,-0.00028711043949225523,0.1681377916579129,0.08246397785111377,-0.2907538552683696,33,0.5151515151515151,10.909090909090908,66.0
oos_2024_latest,2024-01-04,2026-09-01,low_always,20.0,0.03,-0.01491320583182465,-0.0058083467157941104,0.16813057300323792,0.049526088206404854,-0.296397957359392,33,0.5151515151515151,10.909090909090908,66.0
oos_2024_latest,2024-01-04,2026-09-01,low_always,20.0,0.05,-0.028885550098068147,-0.011299307511054013,0.16812393817345062,0.01658531248187576,-0.3019973660388682,33,0.5151515151515151,10.909090909090908,66.0
oos_2024_latest,2024-01-04,2026-09-01,low_structure_gate,5.0,0.01,0.1601056401180636,0.059266406783319514,0.09995321944386369,0.6253668071447448,-0.15649193881107815,8,0.625,9.0,16.0
oos_2024_latest,2024-01-04,2026-09-01,low_structure_gate,5.0,0.03,0.1568021421415431,0.05809597010507539,0.09993069483266008,0.614423160997452,-0.15703311048996915,8,0.625,9.0,16.0
oos_2024_latest,2024-01-04,2026-09-01,low_structure_gate,5.0,0.05,0.1535079208219412,0.056926780403712796,0.09990855697521646,0.603472244194445,-0.1575739566600911,8,0.625,9.0,16.0
oos_2024_latest,2024-01-04,2026-09-01,low_structure_gate,10.0,0.01,0.15091729781327756,0.0560058759060309,0.09976330104286461,0.5954683398094867,-0.1569139038241789,8,0.625,9.0,16.0
oos_2024_latest,2024-01-04,2026-09-01,low_structure_gate,10.0,0.03,0.1476397867920647,0.05483897865897536,0.0997412145794972,0.5844945360250312,-0.15745480478187046,8,0.625,9.0,16.0
oos_2024_latest,2024-01-04,2026-09-01,low_structure_gate,10.0,0.05,0.144371479951952,0.05367332468540176,0.09971951579908593,0.5735136414596211,-0.1579953803936276,8,0.625,9.0,16.0
oos_2024_latest,2024-01-04,2026-09-01,low_structure_gate,20.0,0.01,0.1327449145918589,0.049510062701140445,0.0994280951902534,0.5350882989463825,-0.1577578338503811,8,0.625,9.0,16.0
oos_2024_latest,2024-01-04,2026-09-01,low_structure_gate,20.0,0.03,0.12951880361071488,0.04835021739939194,0.09940689956207359,0.5240593786209891,-0.1582981933656723,8,0.625,9.0,16.0
oos_2024_latest,2024-01-04,2026-09-01,low_structure_gate,20.0,0.05,0.12630175344849737,0.047191607991970086,0.09938609330541698,0.5130237441848216,-0.158838227860701,8,0.625,9.0,16.0
oos_2024_latest,2024-01-04,2026-09-01,low_confirmed_gate,5.0,0.01,0.08866740430186426,0.0334845604770162,0.09803771884173532,0.3842883676080147,-0.1564919388110778,6,0.5,10.666666666666666,12.0
oos_2024_latest,2024-01-04,2026-09-01,low_confirmed_gate,5.0,0.03,0.0859092579394285,0.032468661667057974,0.09802365702943094,0.37429882402849546,-0.15703311048996949,6,0.5,10.666666666666666,12.0
oos_2024_latest,2024-01-04,2026-09-01,low_confirmed_gate,5.0,0.05,0.08315799040747551,0.03145372124574042,0.09800995315578569,0.36430508350228136,-0.15757395666009122,6,0.5,10.666666666666666,12.0
oos_2024_latest,2024-01-04,2026-09-01,low_confirmed_gate,10.0,0.01,0.08219467643296219,0.031097982414395542,0.0978862360949372,0.3611192186127832,-0.1569139038241789,6,0.5,10.666666666666666,12.0
oos_2024_latest,2024-01-04,2026-09-01,low_confirmed_gate,10.0,0.03,0.07945280350077844,0.030084383227354294,0.09787253181033896,0.35110960216628023,-0.15745480478187035,6,0.5,10.666666666666666,12.0
oos_2024_latest,2024-01-04,2026-09-01,low_confirmed_gate,10.0,0.05,0.07671776912562445,0.029071740303278526,0.09785918611730471,0.34109593229507534,-0.15799538039362748,6,0.5,10.666666666666666,12.0
oos_2024_latest,2024-01-04,2026-09-01,low_confirmed_gate,20.0,0.01,0.06935492569907087,0.026337805602089537,0.09761770946733177,0.31445414532611116,-0.15775783385038122,6,0.5,10.666666666666666,12.0
oos_2024_latest,2024-01-04,2026-09-01,low_confirmed_gate,20.0,0.03,0.06664533591448585,0.025328793407374706,0.09760472814664134,0.3044081836895053,-0.15829819336567263,6,0.5,10.666666666666666,12.0
oos_2024_latest,2024-01-04,2026-09-01,low_confirmed_gate,20.0,0.05,0.063942504787587,0.02432073323536499,0.09759210659656119,0.2943584643455569,-0.15883822786070112,6,0.5,10.666666666666666,12.0
oos_2024_latest,2024-01-04,2026-09-01,conservative,5.0,0.01,-0.05826864577218205,-0.02300641942690773,0.11179808824843553,-0.15233433672900376,-0.22372453376202428,9,0.5555555555555556,16.444444444444443,18.0
oos_2024_latest,2024-01-04,2026-09-01,conservative,5.0,0.03,-0.06378601130821726,-0.02522954690323609,0.11180245633109621,-0.17269397588762112,-0.2268811065544224,9,0.5555555555555556,16.444444444444443,18.0
oos_2024_latest,2024-01-04,2026-09-01,conservative,5.0,0.05,-0.0692712691835854,-0.02744770368711935,0.11180744932556369,-0.1930509452182549,-0.23004281628233214,9,0.5555555555555556,16.444444444444443,18.0
oos_2024_latest,2024-01-04,2026-09-01,conservative,10.0,0.01,-0.06669087622522307,-0.02640323688444346,0.1117298212808162,-0.18365659369089196,-0.22681549655779631,9,0.5555555555555556,16.444444444444443,18.0
oos_2024_latest,2024-01-04,2026-09-01,conservative,10.0,0.03,-0.07215906236949965,-0.028618701673713054,0.11173452999668612,-0.20402682561716626,-0.2299774108549406,9,0.5555555555555556,16.444444444444443,18.0
oos_2024_latest,2024-01-04,2026-09-01,conservative,10.0,0.05,-0.07759542609041581,-0.03082921275438466,0.11173986397466973,-0.22439408508369887,-0.2331265196567328,9,0.5555555555555556,16.444444444444443,18.0
oos_2024_latest,2024-01-04,2026-09-01,conservative,20.0,0.01,-0.08332238566215666,-0.0331665300030467,0.11163882531798107,-0.24631556136733512,-0.23300074174695973,9,0.5555555555555556,16.444444444444443,18.0
oos_2024_latest,2024-01-04,2026-09-01,conservative,20.0,0.03,-0.0886934523500047,-0.03536673726859019,0.11164421434837976,-0.2666981283293304,-0.2361374845068812,9,0.5555555555555556,16.444444444444443,18.0
oos_2024_latest,2024-01-04,2026-09-01,conservative,20.0,0.05,-0.09403325992516365,-0.03756202464417335,0.11165022908133847,-0.28707711883944376,-0.23926152321666005,9,0.5555555555555556,16.444444444444443,18.0
